Year;GDP_blnUSD;country_IdCountry
2005;6,3;1
2005;8,2;2
2005;103,2;3
2005;3,1;4
2005;28,2;5
2005;183;6
2005;4,9;7
2005;737,2;8
2005;303,4;9
2005;13,2;10
2005;13,5;11
2005;61,1;12
2005;30,2;13
2005;377,8;14
2005;1,1;15
2005;4,4;16
2005;0,8;17
2005;9,6;18
2005;10,9;19
2005;10,4;20
2005;890,1;21
2005;9,5;22
2005;28,9;23
2005;5,5;24
2005;12;25
2005;0,8;26
2005;6,3;27
2005;16,6;28
2005;1133,8;29
2005;1,4;30
2005;5,9;31
2005;118,3;32
2005;2256,9;33
2005;146,6;34
2005;7,2;35
2005;6,1;36
2005;20;37
2005;16,4;38
2005;44,8;39
2005;42,6;40
2005;17;41
2005;124,5;42
2005;257,7;43
2005;0,7;44
2005;33,5;45
2005;36,9;46
2005;89,8;47
2005;17,1;48
2005;8,2;49
2005;1,1;50
2005;13,9;51
2005;12,3;52
2005;0;53
2005;3;54
2005;196,1;55
2005;2138,4;56
2005;8,7;57
2005;0,6;58
2005;6,4;59
2005;2771,1;60
2005;17,4;61
2005;242,7;62
2005;1,7;63
2005;27,2;64
2005;2,9;65
2005;0,6;66
2005;1,3;67
2005;4,3;68
2005;9,7;69
2005;110,1;70
2005;16,3;71
2005;808,7;72
2005;285,9;73
2005;188;74
2005;36;75
2005;203,6;76
2005;134;77
2005;1780,8;78
2005;11,2;79
2005;4552,2;80
2005;12,6;81
2005;57,1;82
2005;18,7;83
2005;13;84
2005;80,8;85
2005;2,5;86
2005;2,7;87
2005;16;88
2005;21,9;89
2005;1,4;90
2005;0,5;91
2005;45,4;92
2005;3,7;93
2005;26;94
2005;37,7;95
2005;6;96
2005;5;97
2005;2,8;98
2005;138;99
2005;5,5;100
2005;6;101
2005;1,9;102
2005;848,5;103
2005;3;104
2005;4,3;105
2005;2,3;106
2005;0;107
2005;59,5;108
2005;6,6;109
2005;7,3;110
2005;8,2;111
2005;639,9;112
2005;111,7;113
2005;4,9;114
2005;3,4;115
2005;112,2;116
2005;302;117
2005;30,9;118
2005;109,6;119
2005;15,5;120
2005;4,9;121
2005;7,5;122
2005;79,4;123
2005;103,1;124
2005;304;125
2005;191,5;126
2005;86;127
2005;44,5;128
2005;844,9;129
2005;99,2;130
2005;763,7;131
2005;2,6;132
2005;247;133
2005;2;134
2005;315,8;135
2005;8,7;136
2005;25,2;137
2005;1,2;138
2005;125,4;139
2005;48;140
2005;35,8;141
2005;2,3;142
2005;1132,1;143
2005;24,4;144
2005;27,3;145
2005;1,8;146
2005;2,5;147
2005;370,6;148
2005;372,5;149
2005;28,9;150
2005;364,8;151
2005;2,3;152
2005;13,7;153
2005;176,4;154
2005;2,1;155
2005;16;156
2005;32,3;157
2005;482,7;158
2005;17,2;159
2005;180,6;160
2005;9,2;161
2005;2282,9;162
2005;86,2;163
2005;12623;164
2005;17,5;165
2005;14,3;166
2005;144,1;167
2005;52,9;168
2005;16,7;169
2005;7,2;170
2005;5,8;171
2006;7,1;1
2006;9;2
2006;117,3;3
2006;3,4;4
2006;41,8;5
2006;214;6
2006;6,4;7
2006;784,5;8
2006;322,6;9
2006;21;10
2006;15,8;11
2006;65,2;12
2006;37;13
2006;400;14
2006;1,2;15
2006;4,7;16
2006;0,9;17
2006;11,5;18
2006;12,4;19
2006;11,3;20
2006;1093,5;21
2006;11,5;22
2006;33,2;23
2006;6,1;24
2006;14,5;25
2006;1,1;26
2006;7,3;27
2006;18;28
2006;1278,6;29
2006;1,5;30
2006;6,3;31
2006;146,8;32
2006;2712,9;33
2006;160,7;34
2006;8,8;35
2006;7,7;36
2006;22,5;37
2006;17,4;38
2006;49,9;39
2006;52,7;40
2006;18,4;41
2006;142,6;42
2006;274,4;43
2006;0,8;44
2006;35,7;45
2006;41,7;46
2006;107,4;47
2006;18,6;48
2006;9,6;49
2006;1,2;50
2006;16,8;51
2006;15,2;52
2006;0;53
2006;3,1;54
2006;208,1;55
2006;2260;56
2006;9,5;57
2006;0,7;58
2006;7,8;59
2006;2905,4;60
2006;20,4;61
2006;265,3;62
2006;1,8;63
2006;30,2;64
2006;2,9;65
2006;0,6;66
2006;1,5;67
2006;4,8;68
2006;10,9;69
2006;112,8;70
2006;16,7;71
2006;908,5;72
2006;364,4;73
2006;222,1;74
2006;55;75
2006;223,9;76
2006;145,5;77
2006;1865,1;78
2006;11,9;79
2006;4362,6;80
2006;15,1;81
2006;81;82
2006;22,5;83
2006;14;84
2006;101,6;85
2006;2,8;86
2006;3,6;87
2006;19,9;88
2006;22,4;89
2006;1,5;90
2006;0,6;91
2006;55,1;92
2006;4;93
2006;30,1;94
2006;42,6;95
2006;6,6;96
2006;5,5;97
2006;3,1;98
2006;157,1;99
2006;6,1;100
2006;6,4;101
2006;2,7;102
2006;951,7;103
2006;3,4;104
2006;4,7;105
2006;3,4;106
2006;0;107
2006;65,6;108
2006;7,2;109
2006;8;110
2006;9;111
2006;679;112
2006;107,9;113
2006;5,2;114
2006;3,7;115
2006;145,4;116
2006;336,7;117
2006;36,8;118
2006;127,5;119
2006;17,1;120
2006;5,5;121
2006;9,3;122
2006;92,3;123
2006;122,2;124
2006;341,7;125
2006;201,2;126
2006;88;127
2006;60,8;128
2006;951,8;129
2006;122,7;130
2006;989,9;131
2006;3,1;132
2006;261,2;133
2006;2,1;134
2006;356,6;135
2006;9,4;136
2006;29,3;137
2006;1,4;138
2006;145,3;139
2006;56;140
2006;39;141
2006;2,4;142
2006;1235,9;143
2006;28,3;144
2006;35,7;145
2006;2,1;146
2006;2,7;147
2006;399,1;148
2006;391,2;149
2006;33,4;150
2006;376,3;151
2006;2,8;152
2006;14,3;153
2006;207,1;154
2006;2,2;155
2006;18,4;156
2006;34,4;157
2006;529,2;158
2006;21,4;159
2006;222,1;160
2006;10;161
2006;2447,7;162
2006;107,8;163
2006;13377,2;164
2006;19,8;165
2006;17;166
2006;183,2;167
2006;60,9;168
2006;19,1;169
2006;10,7;170
2006;5,4;171
2007;8,7;1
2007;10,7;2
2007;134,3;3
2007;3,9;4
2007;60,4;5
2007;262,1;6
2007;9,2;7
2007;953,7;8
2007;372,8;9
2007;33,1;10
2007;18,5;11
2007;74;12
2007;45,3;13
2007;459,3;14
2007;1,3;15
2007;5,5;16
2007;1,2;17
2007;13,3;18
2007;15,2;19
2007;12,4;20
2007;1378,2;21
2007;12,2;22
2007;42,1;23
2007;6,8;24
2007;20,2;25
2007;1,3;26
2007;8,7;27
2007;20,4;28
2007;1424,1;29
2007;1,7;30
2007;7;31
2007;164,3;32
2007;3494,2;33
2007;210,6;34
2007;10;35
2007;8,4;36
2007;26,3;37
2007;19,8;38
2007;59,4;39
2007;58,6;40
2007;21,8;41
2007;174,2;42
2007;311,4;43
2007;0,8;44
2007;41;45
2007;45,5;46
2007;130,3;47
2007;20,1;48
2007;12,6;49
2007;1,3;50
2007;21,7;51
2007;19,6;52
2007;0;53
2007;3,4;54
2007;246,5;55
2007;2587,2;56
2007;11,6;57
2007;0,8;58
2007;10,2;59
2007;3328,6;60
2007;24,8;61
2007;311,2;62
2007;2;63
2007;34,1;64
2007;4,2;65
2007;0,7;66
2007;1,7;67
2007;5,9;68
2007;12,3;69
2007;137,9;70
2007;20,4;71
2007;1152,8;72
2007;432,2;73
2007;309,1;74
2007;75;75
2007;260,3;76
2007;167,1;77
2007;2119,2;78
2007;12,9;79
2007;4378;80
2007;17,1;81
2007;103,1;82
2007;27,2;83
2007;14;84
2007;114,7;85
2007;3,8;86
2007;4,2;87
2007;28,8;88
2007;25,1;89
2007;1,7;90
2007;0,7;91
2007;69;92
2007;4,6;93
2007;39,1;94
2007;51,4;95
2007;8,2;96
2007;7,3;97
2007;3,6;98
2007;187;99
2007;7,2;100
2007;7,5;101
2007;2,8;102
2007;1035,2;103
2007;4,4;104
2007;6;105
2007;4,2;106
2007;0;107
2007;75,2;108
2007;8,1;109
2007;8,8;110
2007;10,3;111
2007;784,4;112
2007;131,6;113
2007;5,7;114
2007;4,3;115
2007;165,9;116
2007;387,6;117
2007;41,9;118
2007;143,2;119
2007;19,8;120
2007;6,3;121
2007;12,2;122
2007;107,2;123
2007;149,4;124
2007;425,3;125
2007;232,1;126
2007;93;127
2007;79,5;128
2007;1049,2;129
2007;170,6;130
2007;1299,7;131
2007;3,7;132
2007;285,8;133
2007;2,4;134
2007;385,2;135
2007;11,3;136
2007;39;137
2007;1,7;138
2007;177,3;139
2007;75,3;140
2007;47,4;141
2007;2,5;142
2007;1444;143
2007;32,4;144
2007;45,7;145
2007;2,4;146
2007;2,9;147
2007;462,5;148
2007;434,1;149
2007;40,4;150
2007;393,1;151
2007;3,7;152
2007;15,2;153
2007;247;154
2007;2,5;155
2007;21,6;156
2007;38,9;157
2007;649,1;158
2007;26;159
2007;258,2;160
2007;11,9;161
2007;2812;162
2007;142,7;163
2007;14028,7;164
2007;23,9;165
2007;22,3;166
2007;226,2;167
2007;71,1;168
2007;21,7;169
2007;11,5;170
2007;5,3;171
2008;10,2;1
2008;13;2
2008;170,2;3
2008;4,1;4
2008;84,2;5
2008;328,1;6
2008;11,7;7
2008;1061;8
2008;416,6;9
2008;46,4;10
2008;22,1;11
2008;84,5;12
2008;60,8;13
2008;506,7;14
2008;1,4;15
2008;6,7;16
2008;1,2;17
2008;16,6;18
2008;18,5;19
2008;13,6;20
2008;1655,1;21
2008;14,4;22
2008;51,8;23
2008;8,3;24
2008;31,4;25
2008;1,4;26
2008;11,3;27
2008;23,7;28
2008;1502,7;29
2008;2;30
2008;8,4;31
2008;170,6;32
2008;4520;33
2008;235,7;34
2008;11,6;35
2008;11,9;36
2008;29,8;37
2008;23,5;38
2008;69,9;39
2008;62,7;40
2008;25,4;41
2008;216,1;42
2008;341,5;43
2008;1;44
2008;45,5;45
2008;54,2;46
2008;162,4;47
2008;21,4;48
2008;18,4;49
2008;1,4;50
2008;23,7;51
2008;26,6;52
2008;0;53
2008;3,6;54
2008;273,2;55
2008;2842,5;56
2008;14,5;57
2008;1;58
2008;12,9;59
2008;3640,7;60
2008;28,5;61
2008;348,7;62
2008;2,3;63
2008;39,1;64
2008;4,5;65
2008;0,8;66
2008;1,9;67
2008;6,6;68
2008;13,8;69
2008;155,4;70
2008;16,9;71
2008;1251,4;72
2008;511,2;73
2008;353,8;74
2008;97;75
2008;264,9;76
2008;201,7;77
2008;2307,3;78
2008;13,9;79
2008;4879,8;80
2008;22;81
2008;135,2;82
2008;30;83
2008;13;84
2008;148,8;85
2008;5,1;86
2008;5,3;87
2008;33,7;88
2008;30,1;89
2008;1,6;90
2008;0,9;91
2008;95,3;92
2008;5,1;93
2008;47,3;94
2008;58,3;95
2008;9,9;96
2008;9,4;97
2008;4,3;98
2008;222,7;99
2008;8,8;100
2008;8,7;101
2008;3,5;102
2008;1094;103
2008;6,1;104
2008;6,6;105
2008;5,6;106
2008;0;107
2008;88,9;108
2008;9,9;109
2008;9;110
2008;12,5;111
2008;875,3;112
2008;131,6;113
2008;6,4;114
2008;5,4;115
2008;207,1;116
2008;445,3;117
2008;60,6;118
2008;163,9;119
2008;23;120
2008;8;121
2008;16,9;122
2008;126,8;123
2008;173,6;124
2008;529,4;125
2008;253,1;126
2008;95;127
2008;115;128
2008;931,4;129
2008;204,3;130
2008;1660,8;131
2008;4,7;132
2008;275,6;133
2008;2,5;134
2008;476,9;135
2008;13,4;136
2008;47,7;137
2008;2;138
2008;189,4;139
2008;94,9;140
2008;54,9;141
2008;2,6;142
2008;1601,4;143
2008;40,7;144
2008;55,7;145
2008;3,1;146
2008;2,8;147
2008;486,2;148
2008;503,2;149
2008;52,6;150
2008;400,2;151
2008;5,1;152
2008;19;153
2008;272,6;154
2008;3,2;155
2008;27,2;156
2008;44,9;157
2008;730,3;158
2008;21,5;159
2008;314,8;160
2008;14,4;161
2008;2679;162
2008;180,1;163
2008;14291,6;164
2008;31,2;165
2008;28,6;166
2008;310,7;167
2008;90,3;168
2008;26,9;169
2008;14,6;170
2008;4,4;171
2009;12,5;1
2009;12,2;2
2009;139,8;3
2009;3,7;4
2009;75,5;5
2009;310,4;6
2009;8,6;7
2009;988,6;8
2009;382,1;9
2009;43,1;10
2009;19,3;11
2009;94,9;12
2009;49,2;13
2009;472,1;14
2009;1,3;15
2009;6,6;16
2009;1,3;17
2009;17,5;18
2009;17;19
2009;11,5;20
2009;1600,8;21
2009;10,7;22
2009;48,6;23
2009;8,4;24
2009;35,2;25
2009;1,6;26
2009;10,9;27
2009;22,2;28
2009;1337,6;29
2009;2;30
2009;7,1;31
2009;161,1;32
2009;4990,5;33
2009;234,2;34
2009;11,1;35
2009;9,6;36
2009;29,2;37
2009;22,5;38
2009;63,4;39
2009;57;40
2009;23,6;41
2009;190,2;42
2009;308,9;43
2009;1;44
2009;46,7;45
2009;52;46
2009;188,6;47
2009;20,7;48
2009;12,2;49
2009;1,9;50
2009;19,3;51
2009;32,2;52
2009;14851;53
2009;2,9;54
2009;241,3;55
2009;2631,9;56
2009;10,9;57
2009;1;58
2009;10,8;59
2009;3307,2;60
2009;25,8;61
2009;327,3;62
2009;2,3;63
2009;37,7;64
2009;4,6;65
2009;0,8;66
2009;2;67
2009;6,6;68
2009;14,1;69
2009;128,8;70
2009;12,1;71
2009;1264,9;72
2009;538,5;73
2009;362,6;74
2009;103;75
2009;223,7;76
2009;194,9;77
2009;2116,6;78
2009;12,3;79
2009;5033;80
2009;23,8;81
2009;115,3;82
2009;30,6;83
2009;28;84
2009;109,5;85
2009;4,7;86
2009;5,6;87
2009;25,9;88
2009;34,9;89
2009;1,8;90
2009;0,9;91
2009;58,8;92
2009;4,5;93
2009;36,9;94
2009;53;95
2009;9,3;96
2009;8,6;97
2009;5;98
2009;193;99
2009;9;100
2009;8,2;101
2009;3;102
2009;879,2;103
2009;5,4;104
2009;5,6;105
2009;4,6;106
2009;0;107
2009;90,9;108
2009;10;109
2009;9,2;110
2009;12,9;111
2009;795,9;112
2009;117,9;113
2009;6,2;114
2009;5,3;115
2009;168,8;116
2009;370,7;117
2009;46,9;118
2009;161,8;119
2009;24,1;120
2009;8,1;121
2009;14,2;122
2009;126,9;123
2009;168,5;124
2009;430,5;125
2009;234,8;126
2009;97;127
2009;97,6;128
2009;834,1;129
2009;163,3;130
2009;1222;131
2009;5,2;132
2009;284;133
2009;2,2;134
2009;377,2;135
2009;12,8;136
2009;40,1;137
2009;1,9;138
2009;183,3;139
2009;87,8;140
2009;49,2;141
2009;2;142
2009;1467,9;143
2009;42;144
2009;52,7;145
2009;3,3;146
2009;3;147
2009;403,6;148
2009;492,3;149
2009;53,9;150
2009;377,5;151
2009;5;152
2009;21;153
2009;263,7;154
2009;3,2;155
2009;19,6;156
2009;43,5;157
2009;614,4;158
2009;18,7;159
2009;270,3;160
2009;15,8;161
2009;2182,4;162
2009;117,2;163
2009;13938,9;164
2009;31,3;165
2009;33,5;166
2009;325,7;167
2009;93,2;168
2009;25,1;169
2009;12,8;170
2009;5,8;171
2010;15,5;1
2010;11,9;2
2010;157,8;3
2010;3,4;4
2010;82,5;5
2010;370;6
2010;9,4;7
2010;1237,4;8
2010;377,4;9
2010;54,4;10
2010;22,7;11
2010;105,6;12
2010;54,7;13
2010;467,8;14
2010;1,4;15
2010;6,6;16
2010;1,5;17
2010;19,8;18
2010;16,5;19
2010;14,9;20
2010;2090,3;21
2010;12,4;22
2010;47,7;23
2010;9;24
2010;45,4;25
2010;1,8;26
2010;11,6;27
2010;22,5;28
2010;1577;29
2010;2;30
2010;8,6;31
2010;203,3;32
2010;5878,3;33
2010;289,4;34
2010;13,1;35
2010;12;36
2010;35,8;37
2010;23;38
2010;60,8;39
2010;57,5;40
2010;23,2;41
2010;192;42
2010;309,9;43
2010;1,1;44
2010;51,6;45
2010;58;46
2010;218,5;47
2010;21,2;48
2010;14,5;49
2010;2,1;50
2010;19,3;51
2010;29,7;52
2010;16070;53
2010;3,1;54
2010;239,2;55
2010;2562,7;56
2010;13,1;57
2010;1,1;58
2010;11,7;59
2010;3286,5;60
2010;32,3;61
2010;305,4;62
2010;2,2;63
2010;41,2;64
2010;4,6;65
2010;0,8;66
2010;2,3;67
2010;6,6;68
2010;15,3;69
2010;130,4;70
2010;12,6;71
2010;1632;72
2010;706,8;73
2010;407,4;74
2010;111;75
2010;207;76
2010;217,4;77
2010;2055,1;78
2010;13,4;79
2010;5458,8;80
2010;26,4;81
2010;148;82
2010;32,1;83
2010;28;84
2010;132,6;85
2010;4,6;86
2010;6,5;87
2010;24;88
2010;39,2;89
2010;2,3;90
2010;1;91
2010;71,3;92
2010;5,1;93
2010;36,4;94
2010;55,2;95
2010;9,2;96
2010;8,8;97
2010;5,4;98
2010;238;99
2010;9,4;100
2010;8,3;101
2010;3,6;102
2010;1034,3;103
2010;5,8;104
2010;5,5;105
2010;6,2;106
2010;0;107
2010;91,1;108
2010;9,5;109
2010;11,7;110
2010;15,7;111
2010;780,7;112
2010;140,5;113
2010;6,6;114
2010;5,5;115
2010;202,6;116
2010;413;117
2010;57,9;118
2010;176,9;119
2010;26,8;120
2010;9,5;121
2010;18,4;122
2010;153,8;123
2010;199,6;124
2010;469,4;125
2010;229,2;126
2010;93,5;127
2010;127,3;128
2010;1014,5;129
2010;161,6;130
2010;1479,8;131
2010;5,6;132
2010;363,7;133
2010;2;134
2010;448,4;135
2010;12,9;136
2010;38;137
2010;2,5;138
2010;222,7;139
2010;87,5;140
2010;47,7;141
2010;2,4;142
2010;1409,9;143
2010;49,5;144
2010;65,4;145
2010;3,7;146
2010;3,9;147
2010;458,7;148
2010;527,9;149
2010;59,3;150
2010;429,8;151
2010;5,6;152
2010;22,5;153
2010;318,9;154
2010;3,2;155
2010;20,4;156
2010;44,3;157
2010;735,5;158
2010;20;159
2010;302;160
2010;17;161
2010;2250,2;162
2010;137,9;163
2010;14526,6;164
2010;40,3;165
2010;39;166
2010;293,3;167
2010;103,6;168
2010;31,3;169
2010;16,2;170
2010;7,5;171
2011;17,5;1
2011;13;2
2011;183,4;3
2011;3,6;4
2011;104;5
2011;435,2;6
2011;10;7
2011;1507;8
2011;425,1;9
2011;63;10
2011;26;11
2011;115;12
2011;57,7;13
2011;529;14
2011;1,5;15
2011;7,3;16
2011;1,4;17
2011;24;18
2011;16,6;19
2011;17;20
2011;2518;21
2011;16;22
2011;54,3;23
2011;10;24
2011;55;25
2011;2,3;26
2011;13;27
2011;24;28
2011;1759;29
2011;2,1;30
2011;9;31
2011;243;32
2011;6989;33
2011;321,5;34
2011;16;35
2011;13;36
2011;41;37
2011;24;38
2011;59;39
2011;57,5;40
2011;25;41
2011;220,3;42
2011;330,5;43
2011;1,3;44
2011;52;45
2011;66;46
2011;231,9;47
2011;23;48
2011;16;49
2011;2,6;50
2011;20;51
2011;35;52
2011;17690;53
2011;3,8;54
2011;270,6;55
2011;2808;56
2011;15;57
2011;1,2;58
2011;12,5;59
2011;3629;60
2011;39;61
2011;312;62
2011;2,2;63
2011;47;64
2011;5,2;65
2011;0,9;66
2011;2,6;67
2011;6,7;68
2011;17;69
2011;133,1;70
2011;14;71
2011;1843;72
2011;834,3;73
2011;480,3;74
2011;123;75
2011;221,7;76
2011;245,3;77
2011;2246;78
2011;15;79
2011;5855;80
2011;29;81
2011;180,1;82
2011;34;83
2011;28;84
2011;161;85
2011;5;86
2011;8,2;87
2011;25,8;88
2011;39;89
2011;2,4;90
2011;1,1;91
2011;31;92
2011;6,2;93
2011;40;94
2011;55,3;95
2011;10;96
2011;9,8;97
2011;6;98
2011;247,6;99
2011;11;100
2011;8,4;101
2011;4,4;102
2011;1185;103
2011;6,2;104
2011;6,1;105
2011;8,6;106
2011;4,5;107
2011;101,8;108
2011;13;109
2011;13;110
2011;19;111
2011;858,3;112
2011;168,8;113
2011;7,3;114
2011;6,4;115
2011;247,1;116
2011;479,3;117
2011;73;118
2011;204,1;119
2011;31;120
2011;13;121
2011;23;122
2011;176,7;123
2011;216,1;124
2011;531,8;125
2011;241,9;126
2011;101;127
2011;173;128
2011;1164;129
2011;185,3;130
2011;1885;131
2011;6,4;132
2011;422;133
2011;2;134
2011;560,3;135
2011;14;136
2011;38,5;137
2011;2,9;138
2011;266,5;139
2011;90,3;140
2011;48;141
2011;1,1;142
2011;1537;143
2011;59;144
2011;70;145
2011;4,6;146
2011;4,1;147
2011;571,6;148
2011;665,9;149
2011;24,6;150
2011;450;151
2011;6;152
2011;25;153
2011;345,6;154
2011;3,7;155
2011;22;156
2011;46;157
2011;736,1;158
2011;26;159
2011;358,1;160
2011;19;161
2011;2481;162
2011;162,9;163
2011;15060;164
2011;47;165
2011;46;166
2011;315;167
2011;123,6;168
2011;31;169
2011;18,4;170
2011;8,9;171
2012;19,9;1
2012;12,4;2
2012;206,5;3
2012;4,8;4
2012;114,8;5
2012;474,8;6
2012;10,6;7
2012;1542;8
2012;391,5;9
2012;71;10
2012;26,5;11
2012;118,7;12
2012;58,2;13
2012;476,8;14
2012;1,5;15
2012;7,5;16
2012;1,2;17
2012;26,8;18
2012;16,6;19
2012;17,6;20
2012;2425;21
2012;16,9;22
2012;50,8;23
2012;10,3;24
2012;54,1;25
2012;2,5;26
2012;14,3;27
2012;24,5;28
2012;1770;29
2012;2,2;30
2012;9,7;31
2012;268,3;32
2012;8250;33
2012;365,4;34
2012;17,7;35
2012;13,7;36
2012;44,9;37
2012;24,3;38
2012;57,5;39
2012;72,3;40
2012;22,5;41
2012;193,5;42
2012;309,2;43
2012;1,4;44
2012;59,1;45
2012;70,8;46
2012;255;47
2012;24;48
2012;20,7;49
2012;3,1;50
2012;21,4;51
2012;41,9;52
2012;16190;53
2012;3,9;54
2012;247,2;55
2012;2580;56
2012;16,8;57
2012;0,9;58
2012;15,8;59
2012;3367;60
2012;40,1;61
2012;255;62
2012;2,4;63
2012;50,3;64
2012;5,7;65
2012;0,9;66
2012;2,8;67
2012;7,9;68
2012;18,2;69
2012;128,8;70
2012;13,6;71
2012;1947;72
2012;894,9;73
2012;483,8;74
2012;130,6;75
2012;204,7;76
2012;246,8;77
2012;1980;78
2012;15,3;79
2012;5984;80
2012;31,4;81
2012;200,6;82
2012;41,8;83
2012;28;84
2012;174,6;85
2012;6,2;86
2012;9,3;87
2012;27,2;88
2012;41,8;89
2012;2,6;90
2012;1,8;91
2012;85,1;92
2012;6,2;93
2012;41,2;94
2012;55,3;95
2012;10,2;96
2012;10,1;97
2012;4,5;98
2012;307,2;99
2012;9,6;100
2012;8,4;101
2012;4,1;102
2012;1163;103
2012;7,6;104
2012;6,1;105
2012;9,9;106
2012;4,3;107
2012;97,2;108
2012;14,6;109
2012;12,2;110
2012;19,4;111
2012;770,2;112
2012;166,9;113
2012;7,8;114
2012;6,6;115
2012;272,6;116
2012;499,8;117
2012;80;118
2012;230,5;119
2012;34,8;120
2012;15,4;121
2012;26,1;122
2012;200,3;123
2012;240,7;124
2012;470,4;125
2012;210,6;126
2012;103;127
2012;184,6;128
2012;1151;129
2012;171,4;130
2012;1954;131
2012;7;132
2012;390,9;133
2012;1,9;134
2012;657;135
2012;14;136
2012;37,2;137
2012;3,8;138
2012;267,9;139
2012;91,2;140
2012;45,4;141
2012;1,1;142
2012;1340;143
2012;59,8;144
2012;51,6;145
2012;5,1;146
2012;3,7;147
2012;520,3;148
2012;622,9;149
2012;24,6;150
2012;466,1;151
2012;7,3;152
2012;28;153
2012;377;154
2012;3,6;155
2012;23,8;156
2012;44,7;157
2012;783,1;158
2012;33,5;159
2012;361,9;160
2012;20,5;161
2012;2434;162
2012;180,2;163
2012;15650;164
2012;49,7;165
2012;51,6;166
2012;338;167
2012;137,7;168
2012;36,4;169
2012;20,7;170
2012;10,8;171
2013;20,7;1
2013;13,2;2
2013;215,7;3
2013;4,8;4
2013;124;5
2013;484,6;6
2013;10,4;7
2013;1488;8
2013;417,9;9
2013;76;10
2013;28,4;11
2013;140,2;12
2013;69,2;13
2013;507,4;14
2013;1,6;15
2013;8,4;16
2013;2,1;17
2013;29,8;18
2013;18,9;19
2013;15,5;20
2013;2190;21
2013;16,6;22
2013;53,7;23
2013;12,1;24
2013;59,4;25
2013;2,7;26
2013;15,6;27
2013;27,9;28
2013;1825;29
2013;2,1;30
2013;13,6;31
2013;281,7;32
2013;8939;33
2013;369,2;34
2013;18,6;35
2013;14,3;36
2013;48,5;37
2013;28,3;38
2013;58,6;39
2013;72,3;40
2013;21,8;41
2013;198,6;42
2013;324,3;43
2013;1,5;44
2013;59,3;45
2013;91,4;46
2013;262;47
2013;24,7;48
2013;17,1;49
2013;3,4;50
2013;24,3;51
2013;47,3;52
2013;17030;53
2013;4,2;54
2013;259,6;55
2013;2739;56
2013;20;57
2013;0,9;58
2013;16;59
2013;3593;60
2013;45,6;61
2013;243,3;62
2013;2,4;63
2013;53,9;64
2013;6,5;65
2013;0,9;66
2013;3;67
2013;8,3;68
2013;18,9;69
2013;130,6;70
2013;14,6;71
2013;1758;72
2013;867,5;73
2013;411,9;74
2013;221,8;75
2013;220,9;76
2013;272,7;77
2013;2068;78
2013;14,4;79
2013;5007;80
2013;34,1;81
2013;224,9;82
2013;45,3;83
2013;28;84
2013;179,5;85
2013;7,2;86
2013;10,1;87
2013;30,4;88
2013;43,5;89
2013;2,5;90
2013;2;91
2013;70,9;92
2013;6,2;93
2013;46,7;94
2013;60,5;95
2013;10,5;96
2013;10,5;97
2013;3,7;98
2013;312,4;99
2013;11,4;100
2013;9,3;101
2013;4,2;102
2013;1327;103
2013;7,9;104
2013;6,1;105
2013;11,1;106
2013;4,5;107
2013;104,8;108
2013;14,7;109
2013;12,3;110
2013;19,3;111
2013;800,5;112
2013;181,1;113
2013;11,3;114
2013;7,3;115
2013;292;116
2013;515,8;117
2013;82;118
2013;236,5;119
2013;40,6;120
2013;16,1;121
2013;30,6;122
2013;210,3;123
2013;272,2;124
2013;513,9;125
2013;219,3;126
2013;103;127
2013;213,1;128
2013;1198;129
2013;183,8;130
2013;2113;131
2013;7,7;132
2013;353,9;133
2013;1,9;134
2013;718,5;135
2013;15,4;136
2013;43,7;137
2013;4,6;138
2013;287,4;139
2013;97;140
2013;46,8;141
2013;1,1;142
2013;1356;143
2013;65,1;144
2013;52,5;145
2013;5;146
2013;3,8;147
2013;552;148
2013;646,2;149
2013;24,6;150
2013;484,7;151
2013;8,5;152
2013;31,9;153
2013;400,9;154
2013;4,3;155
2013;27,1;156
2013;48,4;157
2013;821,8;158
2013;40,6;159
2013;390;160
2013;22,6;161
2013;2490;162
2013;134,9;163
2013;16720;164
2013;57,1;165
2013;55,2;166
2013;367,5;167
2013;170;168
2013;43,9;169
2013;22,2;170
2013;10,5;171
2014;21,7;1
2014;13,6;2
2014;227,8;3
2014;4,8;4
2014;131,4;5
2014;536,2;6
2014;11,1;7
2014;1483;8
2014;436,1;9
2014;77,9;10
2014;34,1;11
2014;186,6;12
2014;77,2;13
2014;527,8;14
2014;1,7;15
2014;9,2;16
2014;2,1;17
2014;34,1;18
2014;19;19
2014;16,3;20
2014;2244;21
2014;17,4;22
2014;55,1;23
2014;13,4;24
2014;65,3;25
2014;3;26
2014;16,9;27
2014;32,2;28
2014;1794;29
2014;1,7;30
2014;15,8;31
2014;264,1;32
2014;10360;33
2014;400,1;34
2014;32,7;35
2014;14,1;36
2014;50,5;37
2014;34;38
2014;58,3;39
2014;72,3;40
2014;21,3;41
2014;200;42
2014;347,2;43
2014;1,6;44
2014;62,5;45
2014;100,5;46
2014;286,4;47
2014;25,1;48
2014;15,4;49
2014;3,9;50
2014;26,4;51
2014;49,9;52
2014;18140;53
2014;4,2;54
2014;276,3;55
2014;2902;56
2014;20,7;57
2014;0,9;58
2014;16,1;59
2014;3820;60
2014;35,5;61
2014;246,4;62
2014;2,4;63
2014;58,3;64
2014;1;65
2014;6,8;66
2014;3,1;67
2014;8,9;68
2014;19,4;69
2014;129,7;70
2014;16,2;71
2014;2048;72
2014;856,1;73
2014;402,7;74
2014;232,2;75
2014;245,8;76
2014;305;77
2014;2129;78
2014;13,9;79
2014;4770;80
2014;36,6;81
2014;225,6;82
2014;62,7;83
2014;28;84
2014;179,3;85
2014;7,6;86
2014;11,7;87
2014;32,8;88
2014;47,5;89
2014;2,5;90
2014;2,1;91
2014;49,3;92
2014;6,2;93
2014;48,7;94
2014;63,9;95
2014;10,9;96
2014;11,2;97
2014;4,4;98
2014;336,9;99
2014;12;100
2014;10,3;101
2014;4,3;102
2014;1296;103
2014;7,7;104
2014;6,1;105
2014;11,7;106
2014;4,7;107
2014;112,6;108
2014;16,6;109
2014;12;110
2014;19,6;111
2014;880,4;112
2014;201;113
2014;11,9;114
2014;8,3;115
2014;594,3;116
2014;511,6;117
2014;80,5;118
2014;237,5;119
2014;44,7;120
2014;16,1;121
2014;31,3;122
2014;208,2;123
2014;289,7;124
2014;552,2;125
2014;228,2;126
2014;103;127
2014;212;128
2014;1449;129
2014;202,5;130
2014;2057;131
2014;8;132
2014;341,2;133
2014;1,9;134
2014;777,9;135
2014;15,9;136
2014;42,7;137
2014;5,4;138
2014;307,1;139
2014;100,1;140
2014;49,9;141
2014;1,1;142
2014;1400;143
2014;71,6;144
2014;70;145
2014;5,3;146
2014;3,8;147
2014;559,1;148
2014;679;149
2014;24,6;150
2014;505,5;151
2014;9,2;152
2014;36,6;153
2014;380,5;154
2014;4,8;155
2014;29,6;156
2014;49,1;157
2014;813,3;158
2014;47,5;159
2014;416,4;160
2014;26,1;161
2014;2848;162
2014;134,9;163
2014;17420;164
2014;55,6;165
2014;63,1;166
2014;209,2;167
2014;187,8;168
2014;45,5;169
2014;25,6;170
2014;13,7;171
2015;20,8;1
2015;11,6;2
2015;175,1;3
2015;4,8;4
2015;102;5
2015;578,7;6
2015;10,6;7
2015;1241;8
2015;372,6;9
2015;64;10
2015;30,9;11
2015;202,3;12
2015;62;13
2015;458,7;14
2015;1,8;15
2015;7,7;16
2015;2,2;17
2015;33,5;18
2015;15,6;19
2015;13,1;20
2015;1800;21
2015;11,6;22
2015;47,2;23
2015;11,3;24
2015;65,8;25
2015;3;26
2015;17,7;27
2015;28,5;28
2015;1573;29
2015;1,6;30
2015;11,7;31
2015;240;32
2015;11380;33
2015;274,2;34
2015;39,1;35
2015;8,9;36
2015;51,6;37
2015;31,3;38
2015;48,9;39
2015;77,2;40
2015;19,4;41
2015;182,5;42
2015;291;43
2015;1,7;44
2015;66,6;45
2015;98,9;46
2015;286,4;47
2015;25,7;48
2015;10;49
2015;4,3;50
2015;22,9;51
2015;57,6;52
2015;16270;53
2015;4,5;54
2015;230,7;55
2015;2423;56
2015;13,8;57
2015;0,8;58
2015;13,8;59
2015;3371;60
2015;37,7;61
2015;193;62
2015;2,4;63
2015;63,2;64
2015;6,7;65
2015;1;66
2015;3,2;67
2015;8,8;68
2015;19,9;69
2015;118,5;70
2015;16,7;71
2015;2183;72
2015;872,6;73
2015;396,9;74
2015;165,1;75
2015;227,5;76
2015;298,9;77
2015;1819;78
2015;13,8;79
2015;4127;80
2015;38,2;81
2015;195;82
2015;63,1;83
2015;28;84
2015;123,2;85
2015;7,2;86
2015;12,6;87
2015;27,8;88
2015;54,4;89
2015;2;90
2015;2;91
2015;29,7;92
2015;6,2;93
2015;41,8;94
2015;57,9;95
2015;10,1;96
2015;9,5;97
2015;6,4;98
2015;313,5;99
2015;11;100
2015;9,2;101
2015;4,7;102
2015;1161;103
2015;6,2;104
2015;6,1;105
2015;12,4;106
2015;4;107
2015;103,1;108
2015;17;109
2015;12,9;110
2015;21,4;111
2015;750,8;112
2015;170,6;113
2015;12,3;114
2015;7,1;115
2015;493;116
2015;397,6;117
2015;60,2;118
2015;247,8;119
2015;47,5;120
2015;18;121
2015;29,1;122
2015;179,9;123
2015;299,3;124
2015;481,2;125
2015;197,5;126
2015;103;127
2015;192,1;128
2015;1393;129
2015;174,9;130
2015;1236;131
2015;8,5;132
2015;317,3;133
2015;1,5;134
2015;665,5;135
2015;14;136
2015;36,6;137
2015;4,3;138
2015;294;139
2015;86,2;140
2015;42,7;141
2015;1,1;142
2015;1221;143
2015;79,5;144
2015;84,3;145
2015;5,1;146
2015;4,3;147
2015;483,7;148
2015;677;149
2015;24,6;150
2015;518,8;151
2015;8;152
2015;46,2;153
2015;373,5;154
2015;4,2;155
2015;27,7;156
2015;44,3;157
2015;722,2;158
2015;44,4;159
2015;339,1;160
2015;24,9;161
2015;2865;162
2015;90,1;163
2015;17970;164
2015;56,8;165
2015;66;166
2015;131,9;167
2015;198,8;168
2015;34,9;169
2015;24,5;170
2015;13,9;171
