Year;country_IdCountry;Inflation_percent
2005;1;12,3
2005;2;2,4
2005;3;1,6
2005;4;3,2
2005;5;23
2005;6;9,6
2005;7;0,6
2005;8;2,7
2005;9;2,1
2005;10;9,7
2005;11;2,6
2005;12;7
2005;13;10,3
2005;14;2,5
2005;15;3,7
2005;16;5,4
2005;17;5,3
2005;18;5,4
2005;19;3,6
2005;20;8,6
2005;21;6,9
2005;22;1,1
2005;23;6
2005;24;6,4
2005;25;10,7
2005;26;13,5
2005;27;6,3
2005;28;2
2005;29;2,2
2005;30;2,9
2005;31;3,7
2005;32;3,1
2005;33;1,8
2005;34;5
2005;35;21,4
2005;36;2,5
2005;37;13,8
2005;38;3,9
2005;39;3,3
2005;40;7
2005;41;2
2005;42;1,8
2005;43;1,8
2005;44;3,1
2005;45;4,2
2005;46;2,1
2005;47;8,8
2005;48;4,7
2005;49;5,7
2005;50;12,5
2005;51;4,1
2005;52;6,8
2005;53;2,2
2005;54;2,5
2005;55;0,8
2005;56;1,9
2005;57;1,2
2005;58;5
2005;59;8,3
2005;60;1,9
2005;61;15,1
2005;62;3,5
2005;63;1
2005;64;9,1
2005;65;31,4
2005;66;3,2
2005;67;6,9
2005;68;16,8
2005;69;8,8
2005;70;3,6
2005;71;4
2005;72;4,2
2005;73;10,5
2005;74;11,9
2005;75;33
2005;76;2,2
2005;77;1,3
2005;78;2,2
2005;79;15,1
2005;80;-0,3
2005;81;3,5
2005;82;7,9
2005;83;9,9
2005;84;0
2005;85;4,1
2005;86;4,3
2005;87;7,2
2005;88;6,9
2005;89;-0,7
2005;90;3,6
2005;91;6,9
2005;92;2,9
2005;93;0
2005;94;2,7
2005;95;2,5
2005;96;0,5
2005;97;18,4
2005;98;15,5
2005;99;2,9
2005;100;6,4
2005;101;2,5
2005;102;12,1
2005;103;4
2005;104;11,9
2005;105;0
2005;106;12,5
2005;107;0
2005;108;1
2005;109;6,4
2005;110;2,3
2005;111;4,5
2005;112;1,5
2005;113;3
2005;114;9,6
2005;115;7,8
2005;116;17,9
2005;117;1,5
2005;118;1,9
2005;119;9,3
2005;120;2,9
2005;121;1,8
2005;122;6,8
2005;123;1,6
2005;124;7,6
2005;125;2,1
2005;126;2,1
2005;127;0
2005;128;8,8
2005;129;2,8
2005;130;9
2005;131;12,7
2005;132;9,1
2005;133;3,4
2005;134;0
2005;135;0,6
2005;136;1,7
2005;137;17,3
2005;138;12,1
2005;139;0,5
2005;140;2,8
2005;141;2,5
2005;142;0
2005;143;3,4
2005;144;11
2005;145;8,5
2005;146;9,9
2005;147;4,9
2005;148;0,8
2005;149;1,2
2005;150;7,2
2005;151;2,3
2005;152;7,3
2005;153;4,4
2005;154;4,5
2005;155;6,8
2005;156;6,9
2005;157;2
2005;158;8,2
2005;159;10,7
2005;160;6,2
2005;161;8
2005;162;2
2005;163;13,5
2005;164;3,4
2005;165;4,7
2005;166;10
2005;167;16
2005;168;8,4
2005;169;9,9
2005;170;18,3
2005;171;133
2006;1;5,1
2006;2;2,4
2006;3;2,3
2006;4;0
2006;5;13,3
2006;6;10,9
2006;7;3
2006;8;3,5
2006;9;1,7
2006;10;8,4
2006;11;2
2006;12;6,8
2006;13;7
2006;14;2,3
2006;15;4,2
2006;16;3,8
2006;17;5
2006;18;4,3
2006;19;6,1
2006;20;11,6
2006;21;4,2
2006;22;0,2
2006;23;7,4
2006;24;2,4
2006;25;26,3
2006;26;2,7
2006;27;6,1
2006;28;4,9
2006;29;2
2006;30;6,7
2006;31;8,1
2006;32;3,4
2006;33;1,5
2006;34;4,3
2006;35;13,2
2006;36;4,7
2006;37;11,5
2006;38;2,5
2006;39;3,2
2006;40;5
2006;41;2,2
2006;42;2,5
2006;43;1,9
2006;44;3,5
2006;45;7,6
2006;46;3,3
2006;47;4,2
2006;48;4
2006;49;4,5
2006;50;15,1
2006;51;4,4
2006;52;12,3
2006;53;1,8
2006;54;4,8
2006;55;1,3
2006;56;1,9
2006;57;-1,4
2006;58;2,1
2006;59;9,2
2006;60;1,8
2006;61;10,2
2006;62;3,3
2006;63;0
2006;64;6,6
2006;65;34,7
2006;66;0,7
2006;67;6,7
2006;68;14,2
2006;69;5,6
2006;70;3,9
2006;71;6,8
2006;72;5,3
2006;73;13,1
2006;74;18,4
2006;75;64,8
2006;76;2,7
2006;77;2,1
2006;78;2,2
2006;79;8,5
2006;80;0,3
2006;81;6,3
2006;82;8,6
2006;83;6
2006;84;0
2006;85;3,1
2006;86;5,6
2006;87;6,8
2006;88;6,6
2006;89;5,6
2006;90;6,3
2006;91;7,2
2006;92;1,4
2006;93;0
2006;94;3,8
2006;95;2,7
2006;96;3,2
2006;97;10,8
2006;98;13,9
2006;99;3,6
2006;100;1,5
2006;101;2,6
2006;102;6,2
2006;103;3,6
2006;104;12,7
2006;105;0
2006;106;4,5
2006;107;0
2006;108;3,3
2006;109;13,2
2006;110;5,1
2006;111;8
2006;112;1,7
2006;113;3,4
2006;114;9,1
2006;115;0,1
2006;116;8,2
2006;117;2,3
2006;118;3,4
2006;119;7,9
2006;120;2,5
2006;121;2,4
2006;122;9,6
2006;123;2
2006;124;6,2
2006;125;1
2006;126;3
2006;127;0
2006;128;11,8
2006;129;2,2
2006;130;6,6
2006;131;9,7
2006;132;8,8
2006;133;4,7
2006;134;-1,5
2006;135;2,3
2006;136;2,1
2006;137;12,7
2006;138;9,5
2006;139;1
2006;140;4,3
2006;141;2,5
2006;142;0
2006;143;3,6
2006;144;10
2006;145;7,2
2006;146;11,3
2006;147;5,2
2006;148;1,5
2006;149;1,1
2006;150;10,4
2006;151;0,6
2006;152;10
2006;153;5,6
2006;154;4,6
2006;155;2,2
2006;156;8,3
2006;157;4,2
2006;158;9,6
2006;159;8,2
2006;160;9,3
2006;161;6,6
2006;162;2,3
2006;163;9,1
2006;164;3,2
2006;165;6,4
2006;166;14,2
2006;167;13,7
2006;168;7,5
2006;169;10,8
2006;170;9
2006;171;266,8
2007;1;13
2007;2;2,9
2007;3;3,6
2007;4;3,9
2007;5;12,2
2007;6;8,8
2007;7;4,6
2007;8;2,3
2007;9;2,2
2007;10;16,6
2007;11;3,3
2007;12;9,1
2007;13;8,4
2007;14;1,8
2007;15;2,3
2007;16;1,3
2007;17;5,2
2007;18;8,7
2007;19;1,5
2007;20;7,1
2007;21;3,6
2007;22;1
2007;23;7,6
2007;24;-0,2
2007;25;32,9
2007;26;8,3
2007;27;7,7
2007;28;1,1
2007;29;2,1
2007;30;0,9
2007;31;-7,4
2007;32;4,4
2007;33;4,8
2007;34;5,5
2007;35;16,7
2007;36;2,6
2007;37;9,4
2007;38;1,9
2007;39;2,9
2007;40;3,1
2007;41;2,2
2007;42;2,9
2007;43;1,7
2007;44;5
2007;45;6,1
2007;46;2,3
2007;47;11
2007;48;4,6
2007;49;2,8
2007;50;9,3
2007;51;6,6
2007;52;15,8
2007;53;2,2
2007;54;7,7
2007;55;1,6
2007;56;1,6
2007;57;5
2007;58;5,4
2007;59;9,2
2007;60;2,3
2007;61;10,7
2007;62;3
2007;63;0
2007;64;6,8
2007;65;22,9
2007;66;4,6
2007;67;12,2
2007;68;9
2007;69;6,9
2007;70;7,9
2007;71;5
2007;72;6,4
2007;73;6
2007;74;25,4
2007;75;4,7
2007;76;2,9
2007;77;0,5
2007;78;2
2007;79;9,3
2007;80;0
2007;81;4,7
2007;82;10,8
2007;83;4,3
2007;84;0
2007;85;5,5
2007;86;10,2
2007;87;4,5
2007;88;10,1
2007;89;4,1
2007;90;9,2
2007;91;13,7
2007;92;6,2
2007;93;0
2007;94;5,8
2007;95;2,3
2007;96;2,3
2007;97;10,4
2007;98;8
2007;99;2
2007;100;1,5
2007;101;0,7
2007;102;7,3
2007;103;4
2007;104;12,4
2007;105;0
2007;106;8,2
2007;107;3,4
2007;108;2
2007;109;8,2
2007;110;6,7
2007;111;6,2
2007;112;1,6
2007;113;2,4
2007;114;11,1
2007;115;0,1
2007;116;5,4
2007;117;0,7
2007;118;5,9
2007;119;7,8
2007;120;4,2
2007;121;0,9
2007;122;8,1
2007;123;1,8
2007;124;2,8
2007;125;2,5
2007;126;2,4
2007;127;0
2007;128;13,8
2007;129;2,5
2007;130;4,8
2007;131;9
2007;132;9,1
2007;133;7,9
2007;134;0
2007;135;4,1
2007;136;5,9
2007;137;6,5
2007;138;11,7
2007;139;2,1
2007;140;1,9
2007;141;3,6
2007;142;0
2007;143;2,8
2007;144;15,8
2007;145;8
2007;146;6,4
2007;147;8,1
2007;148;1,7
2007;149;0,7
2007;150;4,7
2007;151;1,8
2007;152;13,2
2007;153;6,3
2007;154;2,2
2007;155;0,9
2007;156;7,9
2007;157;3,4
2007;158;8,8
2007;159;6,3
2007;160;11,1
2007;161;6,8
2007;162;2,3
2007;163;12,8
2007;164;2,9
2007;165;8,1
2007;166;12,3
2007;167;18,7
2007;168;8,3
2007;169;7,9
2007;170;10,7
2007;171;563
2008;1;26,8
2008;2;3,4
2008;3;4,9
2008;4;2,3
2008;5;12,5
2008;6;8,6
2008;7;9
2008;8;4,4
2008;9;3,2
2008;10;20,8
2008;11;3,5
2008;12;8,9
2008;13;14,8
2008;14;4,5
2008;15;6,4
2008;16;8
2008;17;8,3
2008;18;14
2008;19;7,4
2008;20;12,6
2008;21;5,7
2008;22;2,1
2008;23;12
2008;24;10,7
2008;25;22,5
2008;26;24,4
2008;27;25
2008;28;5,3
2008;29;2,4
2008;30;9,3
2008;31;8,3
2008;32;8,7
2008;33;5,9
2008;34;7
2008;35;18
2008;36;6
2008;37;13,4
2008;38;6,3
2008;39;6,1
2008;40;3,4
2008;41;4,4
2008;42;6,3
2008;43;3,4
2008;44;12
2008;45;10,6
2008;46;8,4
2008;47;11,7
2008;48;7,3
2008;49;4,3
2008;50;19,9
2008;51;10,4
2008;52;25,3
2008;53;3,5
2008;54;3,7
2008;55;3,9
2008;56;3,2
2008;57;5,3
2008;58;4,5
2008;59;10
2008;60;2,8
2008;61;16,5
2008;62;4,2
2008;63;9,4
2008;64;11,4
2008;65;18,4
2008;66;10,4
2008;67;8,1
2008;68;14,4
2008;69;11,5
2008;70;6,1
2008;71;12,4
2008;72;8,3
2008;73;9,8
2008;74;10,8
2008;75;6,8
2008;76;3,1
2008;77;4,6
2008;78;3,5
2008;79;22
2008;80;1,4
2008;81;13,9
2008;82;17,2
2008;83;15,1
2008;84;0
2008;85;10,6
2008;86;24,5
2008;87;7,6
2008;88;15,3
2008;89;10,8
2008;90;10,7
2008;91;17,5
2008;92;10,4
2008;93;0
2008;94;11,1
2008;95;3,4
2008;96;8,4
2008;97;9,2
2008;98;8,7
2008;99;5,4
2008;100;9,1
2008;101;4,7
2008;102;7,3
2008;103;5,1
2008;104;12,7
2008;105;0
2008;106;26,8
2008;107;0
2008;108;3,9
2008;109;10,3
2008;110;10,4
2008;111;6,7
2008;112;2,2
2008;113;4
2008;114;19,8
2008;115;10,5
2008;116;11,6
2008;117;3,8
2008;118;12,6
2008;119;12
2008;120;8,8
2008;121;10,8
2008;122;10,2
2008;123;5,8
2008;124;9,3
2008;125;4,2
2008;126;2,7
2008;127;0
2008;128;15
2008;129;4,7
2008;130;7,8
2008;131;14,1
2008;132;15,4
2008;133;11,5
2008;134;-3,5
2008;135;9,9
2008;136;5,8
2008;137;12,4
2008;138;14,8
2008;139;6,6
2008;140;3,9
2008;141;5,7
2008;142;0
2008;143;4,1
2008;144;22,6
2008;145;14,3
2008;146;14,6
2008;147;12,7
2008;148;3,3
2008;149;2,4
2008;150;15,2
2008;151;3,5
2008;152;20,4
2008;153;8,4
2008;154;5,5
2008;155;8,7
2008;156;12
2008;157;4,9
2008;158;10,4
2008;159;14,5
2008;160;12,3
2008;161;7,3
2008;162;3,6
2008;163;25,2
2008;164;3,8
2008;165;7,9
2008;166;12,7
2008;167;30,4
2008;168;23,1
2008;169;19
2008;170;12,4
2008;171;563
2009;1;-12,2
2009;2;2,2
2009;3;5,7
2009;4;0
2009;5;13,7
2009;6;16
2009;7;3,5
2009;8;1,8
2009;9;0,4
2009;10;1,5
2009;11;2,8
2009;12;5,4
2009;13;13
2009;14;0
2009;15;2
2009;16;2,2
2009;17;8,6
2009;18;3,3
2009;19;-0,4
2009;20;8,1
2009;21;4,9
2009;22;1
2009;23;2,5
2009;24;2,6
2009;25;8,2
2009;26;10,7
2009;27;-0,7
2009;28;3,4
2009;29;0,3
2009;30;3,5
2009;31;10,1
2009;32;1,7
2009;33;-0,7
2009;34;4,2
2009;35;46,2
2009;36;4,3
2009;37;7,8
2009;38;1
2009;39;2,4
2009;40;-0,5
2009;41;0,2
2009;42;1
2009;43;1,3
2009;44;1,7
2009;45;1,4
2009;46;5,2
2009;47;16,2
2009;48;0,4
2009;49;7,2
2009;50;33
2009;51;-0,1
2009;52;36,4
2009;53;0,8
2009;54;5,5
2009;55;1,6
2009;56;0,1
2009;57;1,9
2009;58;4,6
2009;59;1,7
2009;60;0,2
2009;61;19,3
2009;62;1,4
2009;63;0
2009;64;1,9
2009;65;4,7
2009;66;-1,6
2009;67;3
2009;68;3,4
2009;69;8,7
2009;70;4,2
2009;71;12
2009;72;10,9
2009;73;4,8
2009;74;12,4
2009;75;6,8
2009;76;-1,7
2009;77;3,3
2009;78;0,8
2009;79;9,6
2009;80;-1,4
2009;81;-0,7
2009;82;7,4
2009;83;10,6
2009;84;0
2009;85;4
2009;86;6,8
2009;87;0
2009;88;3,3
2009;89;1,2
2009;90;5,9
2009;91;7,4
2009;92;2,8
2009;93;0,5
2009;94;4,2
2009;95;0,4
2009;96;-0,8
2009;97;9
2009;98;8,4
2009;99;0,6
2009;100;2,2
2009;101;1,8
2009;102;2,2
2009;103;5,3
2009;104;0
2009;105;0
2009;106;6,3
2009;107;0
2009;108;1
2009;109;3,3
2009;110;8,8
2009;111;12,6
2009;112;1
2009;113;2,1
2009;114;3,7
2009;115;1,1
2009;116;12,5
2009;117;2,2
2009;118;3,5
2009;119;20,8
2009;120;2,4
2009;121;6,9
2009;122;2,6
2009;123;2,9
2009;124;3,2
2009;125;3,5
2009;126;-0,9
2009;127;0
2009;128;-4,9
2009;129;2,8
2009;130;5,6
2009;131;11,7
2009;132;10,3
2009;133;7,1
2009;134;0
2009;135;5,1
2009;136;-1,7
2009;137;8,1
2009;138;9,2
2009;139;0,6
2009;140;0,9
2009;141;0,9
2009;142;0
2009;143;-0,2
2009;144;3,4
2009;145;11,3
2009;146;-0,1
2009;147;7,4
2009;148;2
2009;149;-0,5
2009;150;2,8
2009;151;-0,9
2009;152;6,5
2009;153;11,8
2009;154;-0,8
2009;155;1,9
2009;156;7
2009;157;3,5
2009;158;6,3
2009;159;-2,7
2009;160;1,6
2009;161;14,2
2009;162;2,1
2009;163;15,9
2009;164;-0,3
2009;165;7,1
2009;166;14,1
2009;167;27,1
2009;168;6,7
2009;169;3,7
2009;170;13,4
2009;171;5,1
2010;1;0,9
2010;2;3,6
2010;3;3,9
2010;4;1,6
2010;5;14,5
2010;6;22
2010;7;7,3
2010;8;2,8
2010;9;1,7
2010;10;5,7
2010;11;2
2010;12;8,1
2010;13;7,8
2010;14;2,3
2010;15;-0,2
2010;16;2,1
2010;17;7
2010;18;2,5
2010;19;2,1
2010;20;7
2010;21;5
2010;22;0,4
2010;23;2,4
2010;24;-0,6
2010;25;8,2
2010;26;6,4
2010;27;4
2010;28;1,3
2010;29;1,8
2010;30;1,5
2010;31;-2,1
2010;32;1,4
2010;33;3,2
2010;34;2,3
2010;35;23,5
2010;36;5
2010;37;5,7
2010;38;1,4
2010;39;1
2010;40;2,9
2010;41;2,6
2010;42;1,5
2010;43;2,3
2010;44;4
2010;45;6,3
2010;46;3,6
2010;47;11,1
2010;48;1,2
2010;49;7,5
2010;50;12,7
2010;51;2,9
2010;52;2,8
2010;53;1,8
2010;54;8,4
2010;55;1,2
2010;56;1,7
2010;57;1,4
2010;58;5
2010;59;7,1
2010;60;1,1
2010;61;10,7
2010;62;4,7
2010;63;1,7
2010;64;3,9
2010;65;15,5
2010;66;1,1
2010;67;3,7
2010;68;4,1
2010;69;4,7
2010;70;4,9
2010;71;5,4
2010;72;12
2010;73;5,1
2010;74;12,4
2010;75;4,2
2010;76;-1,3
2010;77;2,7
2010;78;1,6
2010;79;12,6
2010;80;-0,7
2010;81;5
2010;82;7,1
2010;83;4,1
2010;84;0
2010;85;4,1
2010;86;7,8
2010;87;6
2010;88;-1,2
2010;89;4,5
2010;90;3,4
2010;91;7,3
2010;92;2,5
2010;93;0,7
2010;94;1,2
2010;95;2,3
2010;96;1,5
2010;97;9,2
2010;98;7,4
2010;99;1,7
2010;100;1,3
2010;101;2
2010;102;6,3
2010;103;4,2
2010;104;7,4
2010;105;1,5
2010;106;10,2
2010;107;0
2010;108;1
2010;109;12,7
2010;110;4,5
2010;111;9,6
2010;112;1,3
2010;113;2,3
2010;114;5,5
2010;115;0,9
2010;116;13,7
2010;117;2,5
2010;118;3,3
2010;119;13,9
2010;120;3,5
2010;121;6
2010;122;4,7
2010;123;1,5
2010;124;3,8
2010;125;3
2010;126;1,4
2010;127;0
2010;128;-2,4
2010;129;2,6
2010;130;8
2010;131;6,9
2010;132;2,3
2010;133;4,1
2010;134;2,8
2010;135;5,4
2010;136;1,2
2010;137;6,2
2010;138;17,8
2010;139;2,8
2010;140;0,7
2010;141;1,8
2010;142;0
2010;143;2
2010;144;5,9
2010;145;13
2010;146;6,9
2010;147;4,5
2010;148;1,3
2010;149;0,7
2010;150;4,4
2010;151;1
2010;152;5,8
2010;153;10,5
2010;154;3,3
2010;155;3,2
2010;156;11,3
2010;157;4,4
2010;158;8,6
2010;159;4,5
2010;160;0,9
2010;161;9,4
2010;162;3,3
2010;163;9,4
2010;164;1,6
2010;165;6,7
2010;166;9,4
2010;167;27,4
2010;168;9
2010;169;11,2
2010;170;8,5
2010;171;5
2011;1;5,7
2011;2;3,5
2011;3;4,5
2011;4;-2,5
2011;5;13,5
2011;6;21
2011;7;7,7
2011;8;3,4
2011;9;3,5
2011;10;8,1
2011;11;-0,4
2011;12;10,7
2011;13;53,3
2011;14;3,5
2011;15;-2,5
2011;16;2,7
2011;17;8,9
2011;18;6,9
2011;19;3,7
2011;20;8,5
2011;21;6,6
2011;22;2
2011;23;4,2
2011;24;2,8
2011;25;5
2011;26;9,7
2011;27;5,5
2011;28;2,9
2011;29;2,9
2011;30;0,1
2011;31;2
2011;32;3,3
2011;33;5,4
2011;34;3,4
2011;35;15,5
2011;36;1,9
2011;37;4,9
2011;38;5,1
2011;39;2,1
2011;40;4,7
2011;41;3,3
2011;42;1,9
2011;43;2,8
2011;44;4,4
2011;45;8,5
2011;46;4,5
2011;47;10,2
2011;48;5,1
2011;49;7
2011;50;20
2011;51;5
2011;52;33
2011;53;1,8
2011;54;8,5
2011;55;3,3
2011;56;2,3
2011;57;1,3
2011;58;4,8
2011;59;8,5
2011;60;2,3
2011;61;8,7
2011;62;3,3
2011;63;2,8
2011;64;6,2
2011;65;21,4
2011;66;5
2011;67;2,6
2011;68;7,4
2011;69;6,8
2011;70;3,9
2011;71;4
2011;72;8,9
2011;73;5,4
2011;74;21,5
2011;75;5,6
2011;76;2,6
2011;77;3,5
2011;78;2,9
2011;79;7,5
2011;80;-0,3
2011;81;4,4
2011;82;8,3
2011;83;14
2011;84;0
2011;85;4,7
2011;86;16,6
2011;87;7,6
2011;88;4,4
2011;89;5,1
2011;90;5
2011;91;7,4
2011;92;15,9
2011;93;0,2
2011;94;4,1
2011;95;3,4
2011;96;3,9
2011;97;9,5
2011;98;7,6
2011;99;3,2
2011;100;2,9
2011;101;2,7
2011;102;7
2011;103;3,4
2011;104;7,6
2011;105;0
2011;106;9,5
2011;107;3
2011;108;0,9
2011;109;10,4
2011;110;5
2011;111;7,7
2011;112;2,3
2011;113;4
2011;114;8
2011;115;2,9
2011;116;10,8
2011;117;1,3
2011;118;4,1
2011;119;11,9
2011;120;5,9
2011;121;8,4
2011;122;8,3
2011;123;3,4
2011;124;4,8
2011;125;4,2
2011;126;3,7
2011;127;2,9
2011;128;1,9
2011;129;4
2011;130;3,1
2011;131;8,4
2011;132;4,9
2011;133;5
2011;134;3,1
2011;135;5
2011;136;3,4
2011;137;11,2
2011;138;16,2
2011;139;5,2
2011;140;3,9
2011;141;1,8
2011;142;0
2011;143;3,1
2011;144;7
2011;145;18
2011;146;17,7
2011;147;6,1
2011;148;3
2011;149;0,2
2011;150;4,8
2011;151;1,4
2011;152;12,4
2011;153;12,7
2011;154;3,8
2011;155;3,6
2011;156;5,1
2011;157;3,5
2011;158;6,5
2011;159;12
2011;160;0,9
2011;161;18,7
2011;162;4,5
2011;163;8
2011;164;3,1
2011;165;8,1
2011;166;12,8
2011;167;26,1
2011;168;18,1
2011;169;19,5
2011;170;8,7
2011;171;5,4
2012;1;6,8
2012;2;2
2012;3;8,9
2012;4;1,1
2012;5;10,3
2012;6;25,3
2012;7;2,6
2012;8;1,8
2012;9;2,6
2012;10;1,1
2012;11;2,8
2012;12;6,6
2012;13;59,1
2012;14;2,6
2012;15;1,3
2012;16;6,8
2012;17;10,9
2012;18;6,9
2012;19;2,1
2012;20;7,5
2012;21;5,4
2012;22;0,5
2012;23;3
2012;24;3,8
2012;25;1,5
2012;26;18
2012;27;2,9
2012;28;2,9
2012;29;1,5
2012;30;5,8
2012;31;10,2
2012;32;3
2012;33;2,6
2012;34;3,4
2012;35;9,5
2012;36;3,9
2012;37;4,5
2012;38;1,3
2012;39;3,4
2012;40;5,5
2012;41;3,1
2012;42;3,3
2012;43;2,4
2012;44;7,9
2012;45;3,7
2012;46;4,5
2012;47;7,1
2012;48;1,8
2012;49;6,1
2012;50;17
2012;51;3,9
2012;52;22,9
2012;53;0,5
2012;54;4,4
2012;55;3,2
2012;56;2,2
2012;57;2,7
2012;58;4,6
2012;59;-0,9
2012;60;2,1
2012;61;9,2
2012;62;1
2012;63;1,8
2012;64;3,8
2012;65;15,2
2012;66;2,1
2012;67;2,4
2012;68;6,3
2012;69;5,2
2012;70;5,7
2012;71;5,2
2012;72;9,7
2012;73;4,3
2012;74;30,5
2012;75;6,1
2012;76;1,7
2012;77;1,7
2012;78;3
2012;79;6,9
2012;80;0
2012;81;4,8
2012;82;5,1
2012;83;9,4
2012;84;0
2012;85;2,9
2012;86;2,7
2012;87;4,3
2012;88;2,3
2012;89;6,4
2012;90;6,1
2012;91;6,8
2012;92;6,1
2012;93;-0,7
2012;94;3,1
2012;95;2,7
2012;96;3,3
2012;97;6,4
2012;98;21,4
2012;99;1,7
2012;100;5,4
2012;101;2,4
2012;102;4,9
2012;103;3,6
2012;104;4,5
2012;105;0
2012;106;15
2012;107;4
2012;108;1,2
2012;109;2,1
2012;110;6,5
2012;111;9,5
2012;112;2,8
2012;113;1,1
2012;114;7,2
2012;115;0,5
2012;116;12,2
2012;117;0,7
2012;118;2,9
2012;119;9,7
2012;120;5,7
2012;121;2,3
2012;122;3,7
2012;123;3,4
2012;124;3,2
2012;125;3,7
2012;126;2,8
2012;127;2,6
2012;128;1,9
2012;129;2,2
2012;130;3,3
2012;131;5,1
2012;132;6,3
2012;133;5,7
2012;134;2,8
2012;135;2,9
2012;136;1,4
2012;137;7,3
2012;138;12,9
2012;139;4,6
2012;140;3,6
2012;141;2,6
2012;142;0
2012;143;2,4
2012;144;7,5
2012;145;37,4
2012;146;5
2012;147;8,9
2012;148;0,9
2012;149;-0,7
2012;150;36,9
2012;151;1,9
2012;152;5,8
2012;153;16
2012;154;3
2012;155;2,6
2012;156;9,2
2012;157;5,6
2012;158;8,9
2012;159;8,5
2012;160;0,7
2012;161;14
2012;162;2,8
2012;163;0,6
2012;164;2,1
2012;165;8,1
2012;166;11,4
2012;167;21,1
2012;168;9,1
2012;169;9,9
2012;170;6,6
2012;171;8,2
2013;1;7,6
2013;2;1,9
2013;3;3,2
2013;4;0
2013;5;8,8
2013;6;20,7
2013;7;5,8
2013;8;2,5
2013;9;2,1
2013;10;2,5
2013;11;3,3
2013;12;7,5
2013;13;18,3
2013;14;1,2
2013;15;0,5
2013;16;1
2013;17;8,8
2013;18;5,7
2013;19;-0,1
2013;20;5,9
2013;21;5,9
2013;22;0,4
2013;23;0,9
2013;24;0,5
2013;25;5,5
2013;26;7,9
2013;27;2,9
2013;28;1,9
2013;29;1
2013;30;1,5
2013;31;0,1
2013;32;1,9
2013;33;2,6
2013;34;2
2013;35;1,6
2013;36;6
2013;37;5,2
2013;38;2,6
2013;39;2,2
2013;40;6
2013;41;0,4
2013;42;1,4
2013;43;0,8
2013;44;3,5
2013;45;4,8
2013;46;2,7
2013;47;9,5
2013;48;0,8
2013;49;6,3
2013;50;13
2013;51;2,8
2013;52;8,1
2013;53;0,1
2013;54;2,9
2013;55;2,2
2013;56;1
2013;57;0,5
2013;58;5,7
2013;59;-0,5
2013;60;1,6
2013;61;11,7
2013;62;-0,9
2013;63;0
2013;64;4,3
2013;65;0,7
2013;66;11,9
2013;67;1,9
2013;68;5,9
2013;69;5,2
2013;70;1,7
2013;71;3,9
2013;72;10
2013;73;6,4
2013;74;39,3
2013;75;1,9
2013;76;0,5
2013;77;1,5
2013;78;1,3
2013;79;9,3
2013;80;0,4
2013;81;5,6
2013;82;5,8
2013;83;5,7
2013;84;0
2013;85;2,6
2013;86;6,6
2013;87;6,4
2013;88;0
2013;89;5,6
2013;90;4,9
2013;91;7,6
2013;92;2,6
2013;93;0
2013;94;1
2013;95;1,7
2013;96;2,8
2013;97;5,8
2013;98;27,3
2013;99;2,1
2013;100;-0,6
2013;101;1
2013;102;4,1
2013;103;3,8
2013;104;4,6
2013;105;0
2013;106;8,6
2013;107;0
2013;108;1,9
2013;109;4,2
2013;110;5,6
2013;111;10,2
2013;112;2,6
2013;113;1,1
2013;114;7,1
2013;115;2,3
2013;116;8,5
2013;117;2,1
2013;118;1,2
2013;119;7,4
2013;120;4
2013;121;3,5
2013;122;2,7
2013;123;2,8
2013;124;2,9
2013;125;1,1
2013;126;0,4
2013;127;0,9
2013;128;3,1
2013;129;1,3
2013;130;4
2013;131;6,8
2013;132;4,2
2013;133;5,8
2013;134;0
2013;135;3,5
2013;136;0,7
2013;137;7,6
2013;138;10,3
2013;139;2,4
2013;140;1,4
2013;141;1,8
2013;142;0
2013;143;1,5
2013;144;6,9
2013;145;37,1
2013;146;1,9
2013;147;5,6
2013;148;-0,1
2013;149;-0,2
2013;150;89,6
2013;151;0,8
2013;152;5,4
2013;153;7,9
2013;154;2,2
2013;155;1,8
2013;156;5,2
2013;157;6,1
2013;158;7,5
2013;159;9
2013;160;1,1
2013;161;5,5
2013;162;2,6
2013;163;-0,3
2013;164;1,5
2013;165;8,6
2013;166;12
2013;167;40,6
2013;168;6,6
2013;169;11
2013;170;7
2013;171;8,6
2014;1;4,6
2014;2;1,6
2014;3;2,9
2014;4;0
2014;5;7,3
2014;6;37,6
2014;7;3
2014;8;2,5
2014;9;1,5
2014;10;1,5
2014;11;2,7
2014;12;7
2014;13;18,3
2014;14;0,5
2014;15;1,2
2014;16;-1,1
2014;17;8,3
2014;18;5,8
2014;19;-0,9
2014;20;3,9
2014;21;6,3
2014;22;-0,2
2014;23;-1,4
2014;24;-0,2
2014;25;5,5
2014;26;4,4
2014;27;3,9
2014;28;1,8
2014;29;1,9
2014;30;15
2014;31;1,7
2014;32;4,4
2014;33;2
2014;34;2,9
2014;35;1,3
2014;36;0,1
2014;37;4,5
2014;38;0,5
2014;39;-0,2
2014;40;5,3
2014;41;0,4
2014;42;0,4
2014;43;0,6
2014;44;2,9
2014;45;3
2014;46;3,6
2014;47;10,1
2014;48;1,1
2014;49;5,4
2014;50;12,2
2014;51;-0,1
2014;52;7,4
2014;53;0,1
2014;54;0,5
2014;55;1,2
2014;56;0,6
2014;57;4,7
2014;58;5,9
2014;59;3,1
2014;60;0,8
2014;61;15,5
2014;62;-0,9
2014;63;0
2014;64;3,4
2014;65;9,7
2014;66;-1,5
2014;67;0,8
2014;68;4,6
2014;69;6,1
2014;70;-0,2
2014;71;2
2014;72;6,7
2014;73;6,4
2014;74;17,2
2014;75;2,2
2014;76;0,2
2014;77;0,5
2014;78;0,2
2014;79;8,3
2014;80;2,7
2014;81;2,9
2014;82;6,6
2014;83;6,9
2014;84;0
2014;85;2,9
2014;86;7,5
2014;87;4,1
2014;88;0,6
2014;89;1,1
2014;90;3,8
2014;91;9,8
2014;92;3,3
2014;93;0
2014;94;0,2
2014;95;0,7
2014;96;-0,1
2014;97;6,1
2014;98;24,4
2014;99;3,1
2014;100;0,9
2014;101;0,3
2014;102;3,5
2014;103;4
2014;104;5,1
2014;105;0
2014;106;13
2014;107;-0,7
2014;108;0,4
2014;109;2,6
2014;110;5,3
2014;111;8,4
2014;112;0,3
2014;113;1,2
2014;114;6
2014;115;-0,9
2014;116;8,1
2014;117;2
2014;118;1
2014;119;8,6
2014;120;2,6
2014;121;5,2
2014;122;5
2014;123;3,2
2014;124;4,2
2014;125;0,1
2014;126;-0,2
2014;127;0,9
2014;128;3,2
2014;129;1,3
2014;130;1,1
2014;131;7,8
2014;132;1,8
2014;133;6,1
2014;134;1,1
2014;135;2,7
2014;136;-1,1
2014;137;2,1
2014;138;7,3
2014;139;1
2014;140;-0,1
2014;141;0,4
2014;142;0
2014;143;-0,2
2014;144;3,3
2014;145;36,9
2014;146;3,4
2014;147;5,7
2014;148;-0,2
2014;149;0
2014;150;29,2
2014;151;1,2
2014;152;6,1
2014;153;6,1
2014;154;1,9
2014;155;0,2
2014;156;5,7
2014;157;4,9
2014;158;8,9
2014;159;11
2014;160;2,3
2014;161;4,3
2014;162;1,5
2014;163;12,1
2014;164;1,6
2014;165;8,9
2014;166;11
2014;167;62,2
2014;168;4,1
2014;169;8,2
2014;170;7,8
2014;171;1,6
2015;1;-1,9
2015;2;2,2
2015;3;5,1
2015;4;0
2015;5;10,1
2015;6;27,6
2015;7;5,6
2015;8;1,9
2015;9;0,9
2015;10;3,9
2015;11;2
2015;12;5,7
2015;13;15
2015;14;0,5
2015;15;-0,7
2015;16;1,6
2015;17;5,7
2015;18;4,2
2015;19;-0,6
2015;20;4
2015;21;10,6
2015;22;-0,4
2015;23;0,1
2015;24;-0,2
2015;25;9,2
2015;26;5,3
2015;27;1,4
2015;28;2
2015;29;1,2
2015;30;8
2015;31;4,2
2015;32;4,4
2015;33;1,5
2015;34;4,4
2015;35;1,1
2015;36;2,1
2015;37;1,1
2015;38;1,5
2015;39;-0,3
2015;40;4,4
2015;41;-0,3
2015;42;0,4
2015;43;0,6
2015;44;2,4
2015;45;0,7
2015;46;4
2015;47;10,4
2015;48;-0,9
2015;49;3,5
2015;50;10,1
2015;51;0,5
2015;52;10,3
2015;53;0,2
2015;54;2,8
2015;55;-0,2
2015;56;0,1
2015;57;0,5
2015;58;6,9
2015;59;4,1
2015;60;0,2
2015;61;16,9
2015;62;-1,4
2015;63;0
2015;64;2,2
2015;65;8,6
2015;66;1,8
2015;67;1,5
2015;68;5,5
2015;69;4,2
2015;70;0,1
2015;71;1,7
2015;72;5,6
2015;73;6,7
2015;74;15,3
2015;75;1,8
2015;76;-0,2
2015;77;-0,6
2015;78;0,3
2015;79;4,2
2015;80;0,7
2015;81;-0,7
2015;82;5,3
2015;83;6,4
2015;84;0
2015;85;3,4
2015;86;8,1
2015;87;1,3
2015;88;0,7
2015;89;-3,5
2015;90;3,9
2015;91;8,2
2015;92;12,1
2015;93;0
2015;94;-1
2015;95;0,1
2015;96;-0,1
2015;97;7,1
2015;98;22,2
2015;99;2,1
2015;100;1,5
2015;101;1,2
2015;102;4,3
2015;103;2,7
2015;104;9,1
2015;105;0
2015;106;8,3
2015;107;1,7
2015;108;1,7
2015;109;2,7
2015;110;3,4
2015;111;7,2
2015;112;0,3
2015;113;0,7
2015;114;4,2
2015;115;0,7
2015;116;9,5
2015;117;2
2015;118;0,3
2015;119;4,5
2015;120;0,5
2015;121;6,1
2015;122;3,4
2015;123;3,6
2015;124;1,8
2015;125;-0,8
2015;126;0,6
2015;127;-0,3
2015;128;1,6
2015;129;0,7
2015;130;-0,6
2015;131;15,4
2015;132;2,3
2015;133;4,8
2015;134;0,4
2015;135;2,3
2015;136;-0,4
2015;137;1,9
2015;138;7,8
2015;139;-0,5
2015;140;-0,2
2015;141;-0,4
2015;142;0
2015;143;-0,6
2015;144;0,8
2015;145;18,2
2015;146;3,8
2015;147;5,1
2015;148;0
2015;149;-1,1
2015;150;33,6
2015;151;-0,2
2015;152;8,9
2015;153;6,6
2015;154;-0,8
2015;155;1,5
2015;156;7,5
2015;157;4,7
2015;158;7,5
2015;159;16
2015;160;3,7
2015;161;4,9
2015;162;0,1
2015;163;49
2015;164;0,2
2015;165;8,6
2015;166;11
2015;167;159,1
2015;168;0,9
2015;169;30
2015;170;7,5
2015;171;0,1
