Year;Population_mln;country_IdCountry
2005;25,7;1
2005;3,1;2
2005;32,9;3
2005;0,1;4
2005;16,6;5
2005;39,5;6
2005;3;7
2005;20,1;8
2005;8,2;9
2005;8,6;10
2005;0,7;11
2005;153,1;12
2005;10,3;13
2005;10,5;14
2005;0,3;15
2005;8,4;16
2005;0,7;17
2005;9,4;18
2005;4;19
2005;1,7;20
2005;186,1;21
2005;0,4;22
2005;7,7;23
2005;13,1;24
2005;42,9;25
2005;7,5;26
2005;13,8;27
2005;16,4;28
2005;32,8;29
2005;4,1;30
2005;9;31
2005;16,2;32
2005;1306,3;33
2005;42,9;34
2005;60,8;35
2005;3,4;36
2005;4,3;37
2005;19;38
2005;4,4;39
2005;11,3;40
2005;0,7;41
2005;10,2;42
2005;5,4;43
2005;0,7;44
2005;9;45
2005;13,7;46
2005;77,5;47
2005;5,7;48
2005;0,5;49
2005;4,5;50
2005;1,3;51
2005;74,7;52
2005;457;53
2005;0,9;54
2005;5,3;55
2005;60,7;56
2005;1,4;57
2005;1,5;58
2005;4,3;59
2005;82,4;60
2005;20,9;61
2005;10,7;62
2005;0,1;63
2005;12,7;64
2005;9,2;65
2005;1,5;66
2005;0,8;67
2005;9,3;68
2005;7,2;69
2005;10,1;70
2005;0,3;71
2005;1080,3;72
2005;242;73
2005;69,4;74
2005;26,1;75
2005;4,1;76
2005;6,7;77
2005;58,1;78
2005;2,7;79
2005;127,4;80
2005;5,8;81
2005;15,2;82
2005;34,3;83
2005;22,9;84
2005;2,3;85
2005;5,2;86
2005;5,9;87
2005;2,3;88
2005;3,8;89
2005;1,9;90
2005;3,5;91
2005;5,9;92
2005;0;93
2005;3,4;94
2005;0,5;95
2005;2;96
2005;18,6;97
2005;13,7;98
2005;26,5;99
2005;11,8;100
2005;0,4;101
2005;2,8;102
2005;106,2;103
2005;3,6;104
2005;0;105
2005;2,5;106
2005;0;107
2005;30,2;108
2005;19,6;109
2005;2;110
2005;26,9;111
2005;16,3;112
2005;4,1;113
2005;5,5;114
2005;12,6;115
2005;136,3;116
2005;4,6;117
2005;3;118
2005;152,5;119
2005;3,2;120
2005;5,8;121
2005;5,8;122
2005;27,2;123
2005;85,3;124
2005;38,6;125
2005;10,5;126
2005;3,9;127
2005;0,9;128
2005;48,4;129
2005;21,6;130
2005;143,2;131
2005;9;132
2005;44,3;133
2005;0;134
2005;26,4;135
2005;11,7;136
2005;7,4;137
2005;5,1;138
2005;4,4;139
2005;5,4;140
2005;2;141
2005;8,6;142
2005;40,3;143
2005;19,6;144
2005;35,3;145
2005;0,5;146
2005;1,1;147
2005;9;148
2005;7,4;149
2005;19,1;150
2005;22,8;151
2005;6,9;152
2005;37,5;153
2005;62,4;154
2005;6,1;155
2005;1,1;156
2005;10;157
2005;69,7;158
2005;5;159
2005;4,1;160
2005;28,7;161
2005;60,4;162
2005;47,4;163
2005;295,7;164
2005;3,3;165
2005;26,4;166
2005;26,4;167
2005;83,1;168
2005;20,7;169
2005;11,3;170
2005;12,5;171
2006;26,7;1
2006;3,1;2
2006;33,8;3
2006;0,1;4
2006;17,1;5
2006;39,9;6
2006;3;7
2006;20,3;8
2006;8,3;9
2006;8,7;10
2006;0,7;11
2006;155,5;12
2006;10,3;13
2006;10,6;14
2006;0,3;15
2006;8,6;16
2006;0,7;17
2006;9,6;18
2006;4,5;19
2006;1,7;20
2006;188,1;21
2006;0,4;22
2006;7,7;23
2006;13,4;24
2006;47,4;25
2006;8,1;26
2006;13,8;27
2006;17,3;28
2006;33,1;29
2006;4,2;30
2006;9,3;31
2006;16,4;32
2006;1314;33
2006;43,4;34
2006;62,6;35
2006;3,4;36
2006;4,4;37
2006;19,6;38
2006;4,4;39
2006;11,3;40
2006;0,8;41
2006;10,3;42
2006;5,4;43
2006;0,7;44
2006;9,2;45
2006;13,9;46
2006;78,9;47
2006;5,7;48
2006;0,5;49
2006;4,7;50
2006;1,3;51
2006;76,6;52
2006;457;53
2006;0,9;54
2006;5,3;55
2006;60,9;56
2006;1,4;57
2006;1,5;58
2006;4,4;59
2006;82,4;60
2006;21,4;61
2006;10,7;62
2006;0,1;63
2006;12,3;64
2006;9,4;65
2006;1,5;66
2006;0,8;67
2006;9,4;68
2006;7,4;69
2006;10,1;70
2006;0,3;71
2006;1095,4;72
2006;245,5;73
2006;70,5;74
2006;26,8;75
2006;4,2;76
2006;6,8;77
2006;58,1;78
2006;2,7;79
2006;127,5;80
2006;5,9;81
2006;15,2;82
2006;35,3;83
2006;23,1;84
2006;2,4;85
2006;5,2;86
2006;6;87
2006;2,3;88
2006;3,9;89
2006;2;90
2006;3;91
2006;6;92
2006;0;93
2006;3,4;94
2006;0,5;95
2006;2;96
2006;19,2;97
2006;14;98
2006;26,8;99
2006;12,1;100
2006;0,4;101
2006;2,9;102
2006;107,4;103
2006;3,6;104
2006;0;105
2006;2,6;106
2006;0;107
2006;30,5;108
2006;19,9;109
2006;2;110
2006;27,1;111
2006;16,3;112
2006;4,2;113
2006;5,6;114
2006;12,9;115
2006;140;116
2006;4,7;117
2006;3,1;118
2006;155,4;119
2006;3,3;120
2006;5,9;121
2006;5,9;122
2006;27,6;123
2006;87;124
2006;38,5;125
2006;10,6;126
2006;3,9;127
2006;1;128
2006;48,8;129
2006;21,6;130
2006;142,5;131
2006;9,2;132
2006;44,2;133
2006;0;134
2006;27;135
2006;11,9;136
2006;7,4;137
2006;5,3;138
2006;4,6;139
2006;5,4;140
2006;2;141
2006;8,9;142
2006;40,4;143
2006;19,8;144
2006;36,2;145
2006;0,5;146
2006;1,1;147
2006;9;148
2006;7,5;149
2006;19,6;150
2006;22,9;151
2006;7,1;152
2006;38,2;153
2006;62,8;154
2006;6,3;155
2006;1,1;156
2006;10,1;157
2006;70,4;158
2006;5,1;159
2006;4,2;160
2006;29,7;161
2006;60,6;162
2006;46,7;163
2006;298,4;164
2006;3,3;165
2006;26,8;166
2006;27;167
2006;84,2;168
2006;21,5;169
2006;11,5;170
2006;12,5;171
2007;27,4;1
2007;3,2;2
2007;34,4;3
2007;0,1;4
2007;17,6;5
2007;40,3;6
2007;3;7
2007;20,4;8
2007;8,3;9
2007;8,8;10
2007;0,8;11
2007;157,8;12
2007;9,7;13
2007;10,7;14
2007;0,3;15
2007;8,9;16
2007;0,7;17
2007;9,8;18
2007;4,6;19
2007;1,8;20
2007;190;21
2007;0,4;22
2007;7,6;23
2007;13,7;24
2007;47,4;25
2007;8,4;26
2007;13,9;27
2007;18,1;28
2007;33,4;29
2007;4,3;30
2007;9,5;31
2007;16,6;32
2007;1321,9;33
2007;43,9;34
2007;64,5;35
2007;3,5;36
2007;4,4;37
2007;20,2;38
2007;4,4;39
2007;11,3;40
2007;0,8;41
2007;10,3;42
2007;5,4;43
2007;0,8;44
2007;9,4;45
2007;14,1;46
2007;80,3;47
2007;5,7;48
2007;0,6;49
2007;4,9;50
2007;1,3;51
2007;78,6;52
2007;490,4;53
2007;0,9;54
2007;5,3;55
2007;63,7;56
2007;1,4;57
2007;1,6;58
2007;4,4;59
2007;82,4;60
2007;22;61
2007;10,7;62
2007;0,1;63
2007;12,7;64
2007;9,6;65
2007;1,5;66
2007;0,8;67
2007;9,6;68
2007;7,5;69
2007;10,1;70
2007;0,3;71
2007;1129,9;72
2007;234,7;73
2007;71,5;74
2007;27,5;75
2007;4,3;76
2007;7;77
2007;58,1;78
2007;2,7;79
2007;127,4;80
2007;6,1;81
2007;15,3;82
2007;36,4;83
2007;23,3;84
2007;2,5;85
2007;5,3;86
2007;6,1;87
2007;2,3;88
2007;3,9;89
2007;2,1;90
2007;3,2;91
2007;6,2;92
2007;0;93
2007;3,4;94
2007;0,5;95
2007;2;96
2007;19,7;97
2007;14,4;98
2007;27,2;99
2007;12,4;100
2007;0,4;101
2007;3;102
2007;108,7;103
2007;3,6;104
2007;0;105
2007;2,6;106
2007;0,7;107
2007;30,8;108
2007;20,3;109
2007;2;110
2007;27,4;111
2007;16,4;112
2007;4,2;113
2007;5,7;114
2007;13,4;115
2007;143,9;116
2007;4,7;117
2007;3,2;118
2007;158,2;119
2007;3,3;120
2007;5,8;121
2007;6;122
2007;28,2;123
2007;88,7;124
2007;38,5;125
2007;10,6;126
2007;3,9;127
2007;1,2;128
2007;49;129
2007;21,5;130
2007;142,2;131
2007;9,9;132
2007;44;133
2007;0;134
2007;27,6;135
2007;12,2;136
2007;7,4;137
2007;5,4;138
2007;4,8;139
2007;5,4;140
2007;2;141
2007;9,1;142
2007;40,4;143
2007;19,9;144
2007;37,2;145
2007;0,5;146
2007;1,2;147
2007;9;148
2007;7,6;149
2007;20,1;150
2007;23;151
2007;7,2;152
2007;39;153
2007;63;154
2007;6,5;155
2007;1,1;156
2007;10,2;157
2007;71,2;158
2007;5,2;159
2007;4,5;160
2007;30,6;161
2007;60,8;162
2007;46,3;163
2007;301,1;164
2007;3,3;165
2007;27,2;166
2007;27,5;167
2007;85,2;168
2007;22,2;169
2007;11,5;170
2007;12,5;171
2008;28,4;1
2008;3,2;2
2008;34,5;3
2008;0,1;4
2008;18;5
2008;40,7;6
2008;3;7
2008;21;8
2008;8,3;9
2008;8,9;10
2008;0,8;11
2008;160;12
2008;9,7;13
2008;10,8;14
2008;0,3;15
2008;9,1;16
2008;0,7;17
2008;10;18
2008;4,6;19
2008;1,8;20
2008;196,3;21
2008;0,4;22
2008;7,6;23
2008;14;24
2008;47,8;25
2008;8,7;26
2008;14;27
2008;18,5;28
2008;33,2;29
2008;4,4;30
2008;9,7;31
2008;16,8;32
2008;1330;33
2008;44,5;34
2008;66,4;35
2008;3,7;36
2008;4,5;37
2008;20,2;38
2008;4,4;39
2008;11,3;40
2008;0,8;41
2008;10,4;42
2008;5,5;43
2008;0,8;44
2008;9,5;45
2008;14,4;46
2008;81,7;47
2008;5,8;48
2008;0,6;49
2008;5;50
2008;1,3;51
2008;80,7;52
2008;491;53
2008;0,9;54
2008;5,3;55
2008;64,1;56
2008;1,5;57
2008;1,6;58
2008;4,4;59
2008;82,4;60
2008;22,5;61
2008;10,7;62
2008;0,1;63
2008;13;64
2008;9,8;65
2008;1,6;66
2008;0,8;67
2008;9,8;68
2008;7,7;69
2008;10;70
2008;0,3;71
2008;1148;72
2008;237,5;73
2008;72,6;74
2008;28,2;75
2008;4,4;76
2008;7,1;77
2008;58,1;78
2008;2,8;79
2008;127,3;80
2008;6,2;81
2008;15,3;82
2008;37,5;83
2008;23,5;84
2008;2,6;85
2008;5,3;86
2008;6,2;87
2008;2,3;88
2008;4;89
2008;2,1;90
2008;3,3;91
2008;6,3;92
2008;0;93
2008;3,4;94
2008;0,5;95
2008;2;96
2008;20,2;97
2008;14,8;98
2008;27,5;99
2008;12,7;100
2008;0,4;101
2008;3;102
2008;110;103
2008;3,6;104
2008;0;105
2008;2,7;106
2008;0,7;107
2008;31,2;108
2008;20,7;109
2008;2,1;110
2008;27,6;111
2008;16,4;112
2008;4,3;113
2008;5,8;114
2008;13,8;115
2008;147,8;116
2008;4,8;117
2008;3,3;118
2008;161;119
2008;3,4;120
2008;5,9;121
2008;6,2;122
2008;28,7;123
2008;90,5;124
2008;38,5;125
2008;10,6;126
2008;4;127
2008;1,4;128
2008;48,4;129
2008;21,5;130
2008;142;131
2008;10,2;132
2008;48,8;133
2008;0;134
2008;28,1;135
2008;12,5;136
2008;7,4;137
2008;5,6;138
2008;5;139
2008;5,4;140
2008;2;141
2008;9,6;142
2008;40,5;143
2008;20,1;144
2008;38,1;145
2008;0,5;146
2008;1,2;147
2008;9;148
2008;7,6;149
2008;20,6;150
2008;23;151
2008;7,4;152
2008;39,7;153
2008;63,4;154
2008;6,6;155
2008;1;156
2008;10,3;157
2008;71,9;158
2008;5,3;159
2008;4,8;160
2008;31,7;161
2008;60,9;162
2008;46;163
2008;303,8;164
2008;3,3;165
2008;27,6;166
2008;28,1;167
2008;86,2;168
2008;23;169
2008;11,7;170
2008;12,6;171
2009;29,3;1
2009;3,2;2
2009;35,6;3
2009;0,1;4
2009;18,5;5
2009;40,9;6
2009;3;7
2009;21,3;8
2009;8,4;9
2009;9;10
2009;1;11
2009;162,2;12
2009;9,6;13
2009;10,8;14
2009;0,3;15
2009;9,4;16
2009;0,7;17
2009;10,2;18
2009;4,6;19
2009;2;20
2009;198,7;21
2009;0,4;22
2009;7,6;23
2009;14,4;24
2009;48,1;25
2009;9;26
2009;14,1;27
2009;18,9;28
2009;33,5;29
2009;4,5;30
2009;10;31
2009;17;32
2009;1338,6;33
2009;45;34
2009;68,4;35
2009;3,8;36
2009;4,5;37
2009;20,6;38
2009;4,4;39
2009;11,3;40
2009;0,8;41
2009;10,5;42
2009;5,5;43
2009;0,8;44
2009;9,7;45
2009;14,6;46
2009;83,1;47
2009;5,8;48
2009;0,6;49
2009;5,2;50
2009;1,3;51
2009;82,8;52
2009;491,6;53
2009;0,9;54
2009;5,4;55
2009;64,1;56
2009;1,5;57
2009;1,7;58
2009;4,4;59
2009;82,3;60
2009;23,1;61
2009;10,7;62
2009;0,1;63
2009;13,3;64
2009;10,1;65
2009;1,6;66
2009;0,8;67
2009;9,9;68
2009;7,9;69
2009;10;70
2009;0,3;71
2009;1166,1;72
2009;240,3;73
2009;73,7;74
2009;28,9;75
2009;4,5;76
2009;7,3;77
2009;58,1;78
2009;2,8;79
2009;127,1;80
2009;6,3;81
2009;15,4;82
2009;38,6;83
2009;22,7;84
2009;2,7;85
2009;5,4;86
2009;6,3;87
2009;2,3;88
2009;4;89
2009;2,1;90
2009;3,4;91
2009;6,4;92
2009;0;93
2009;3,3;94
2009;0,5;95
2009;2,1;96
2009;20,8;97
2009;15,3;98
2009;27,9;99
2009;13;100
2009;0,4;101
2009;3,1;102
2009;111,2;103
2009;3,6;104
2009;0;105
2009;2,7;106
2009;0,7;107
2009;31,5;108
2009;21,2;109
2009;2,1;110
2009;27,9;111
2009;16,5;112
2009;4,3;113
2009;5,9;114
2009;15,3;115
2009;151,9;116
2009;4,8;117
2009;3,4;118
2009;168,2;119
2009;3,5;120
2009;6,1;121
2009;6,3;122
2009;29,1;123
2009;92,2;124
2009;38,5;125
2009;10,6;126
2009;4;127
2009;1,6;128
2009;48,5;129
2009;21,5;130
2009;141,9;131
2009;10,5;132
2009;49,1;133
2009;0;134
2009;28,7;135
2009;12,8;136
2009;7,4;137
2009;5,7;138
2009;5,1;139
2009;5,4;140
2009;2;141
2009;9,8;142
2009;40,5;143
2009;20,2;144
2009;39,1;145
2009;0,5;146
2009;1,2;147
2009;9,1;148
2009;7,7;149
2009;20,8;150
2009;23;151
2009;7,5;152
2009;40,5;153
2009;63,5;154
2009;6,8;155
2009;1,2;156
2009;10,4;157
2009;76,8;158
2009;5,4;159
2009;5,1;160
2009;32,8;161
2009;61,1;162
2009;45,7;163
2009;307,2;164
2009;3,3;165
2009;27,9;166
2009;28,6;167
2009;87,2;168
2009;23,8;169
2009;11,9;170
2009;12,6;171
2010;30,2;1
2010;3,2;2
2010;36,1;3
2010;0,1;4
2010;19,1;5
2010;41,3;6
2010;3;7
2010;21,5;8
2010;8,4;9
2010;9;10
2010;1,1;11
2010;164,4;12
2010;9,6;13
2010;10,9;14
2010;0,3;15
2010;9,6;16
2010;0,7;17
2010;10,4;18
2010;4,6;19
2010;2;20
2010;201,1;21
2010;0,4;22
2010;7,5;23
2010;14,7;24
2010;53,4;25
2010;9,9;26
2010;14,5;27
2010;19,3;28
2010;33,8;29
2010;4,6;30
2010;10,2;31
2010;17,2;32
2010;1330,1;33
2010;45,5;34
2010;70,5;35
2010;3,9;36
2010;4,5;37
2010;21,1;38
2010;4,4;39
2010;11,3;40
2010;0,8;41
2010;10,5;42
2010;5,5;43
2010;0,8;44
2010;9,9;45
2010;14,8;46
2010;80,5;47
2010;5,9;48
2010;0,7;49
2010;5,3;50
2010;1,3;51
2010;84,8;52
2010;492,4;53
2010;0,9;54
2010;5,4;55
2010;64,8;56
2010;1,5;57
2010;1,7;58
2010;4,4;59
2010;82,3;60
2010;23,7;61
2010;10,7;62
2010;0,1;63
2010;13,6;64
2010;10,3;65
2010;1,6;66
2010;0,7;67
2010;9,9;68
2010;8;69
2010;10;70
2010;0,3;71
2010;1173,1;72
2010;243;73
2010;74,8;74
2010;29,7;75
2010;4,5;76
2010;7,4;77
2010;58,1;78
2010;2,8;79
2010;126,8;80
2010;6,4;81
2010;15,5;82
2010;39,7;83
2010;22,8;84
2010;2,8;85
2010;5,5;86
2010;6,4;87
2010;2,2;88
2010;4,1;89
2010;1,9;90
2010;3,7;91
2010;6,6;92
2010;0;93
2010;3,3;94
2010;0,5;95
2010;2,1;96
2010;21,3;97
2010;15,7;98
2010;28,3;99
2010;13,4;100
2010;0,4;101
2010;3,2;102
2010;112,5;103
2010;3,6;104
2010;0;105
2010;2,8;106
2010;0,7;107
2010;31,9;108
2010;21,6;109
2010;2,1;110
2010;28,2;111
2010;16,6;112
2010;4,4;113
2010;6;114
2010;15,9;115
2010;156,1;116
2010;4,9;117
2010;3;118
2010;171,7;119
2010;3,5;120
2010;6,1;121
2010;6,4;122
2010;29,6;123
2010;94;124
2010;38,5;125
2010;10,6;126
2010;4;127
2010;1,7;128
2010;48,6;129
2010;21,4;130
2010;143;131
2010;11,1;132
2010;49,1;133
2010;0;134
2010;25,7;135
2010;12,3;136
2010;7,4;137
2010;5,2;138
2010;5,2;139
2010;5,4;140
2010;2;141
2010;10,1;142
2010;46,5;143
2010;20,4;144
2010;40,1;145
2010;0,5;146
2010;1,4;147
2010;9,1;148
2010;7,8;149
2010;21;150
2010;23;151
2010;7,7;152
2010;41,3;153
2010;63,9;154
2010;6,6;155
2010;1,2;156
2010;10,5;157
2010;77,8;158
2010;5,4;159
2010;5,2;160
2010;34;161
2010;62,3;162
2010;45,4;163
2010;310,2;164
2010;3,4;165
2010;28,2;166
2010;29,2;167
2010;88,3;168
2010;23,5;169
2010;13,5;170
2010;12,6;171
2011;29,8;1
2011;3;2
2011;35;3
2011;0,1;4
2011;18;5
2011;41,8;6
2011;3;7
2011;21,8;8
2011;8,2;9
2011;9,1;10
2011;1,2;11
2011;158,6;12
2011;9,6;13
2011;10,4;14
2011;0,3;15
2011;9,7;16
2011;0,7;17
2011;10,1;18
2011;4,6;19
2011;2,1;20
2011;203,4;21
2011;0,4;22
2011;7,1;23
2011;16,8;24
2011;54;25
2011;10,2;26
2011;14,7;27
2011;19,7;28
2011;34;29
2011;5;30
2011;10,8;31
2011;16,9;32
2011;1336,7;33
2011;44,7;34
2011;71,7;35
2011;4,2;36
2011;4,6;37
2011;21,5;38
2011;4,5;39
2011;11,1;40
2011;1;41
2011;10,2;42
2011;5,5;43
2011;0,8;44
2011;10;45
2011;15;46
2011;82,1;47
2011;6,1;48
2011;0,7;49
2011;5,9;50
2011;1,3;51
2011;90,9;52
2011;492,4;53
2011;0,9;54
2011;5,3;55
2011;65,3;56
2011;1,6;57
2011;1,8;58
2011;4,6;59
2011;81,5;60
2011;24,8;61
2011;10,8;62
2011;0,1;63
2011;13,8;64
2011;10,6;65
2011;1,6;66
2011;0,7;67
2011;9,7;68
2011;8,1;69
2011;10;70
2011;0,3;71
2011;1189,2;72
2011;245,6;73
2011;77,9;74
2011;30,4;75
2011;4,7;76
2011;7,5;77
2011;61;78
2011;2,9;79
2011;126,5;80
2011;6,5;81
2011;15,5;82
2011;41,1;83
2011;24,5;84
2011;2,6;85
2011;5,6;86
2011;6,5;87
2011;2,2;88
2011;4,1;89
2011;1,9;90
2011;3,8;91
2011;6,6;92
2011;0;93
2011;3,5;94
2011;0,5;95
2011;2,1;96
2011;21,9;97
2011;15,9;98
2011;28,7;99
2011;14,2;100
2011;0,4;101
2011;3,3;102
2011;113,7;103
2011;3,6;104
2011;0;105
2011;3,1;106
2011;0,7;107
2011;32;108
2011;22,9;109
2011;2,1;110
2011;29,4;111
2011;16,8;112
2011;4,3;113
2011;5,7;114
2011;16,5;115
2011;155,2;116
2011;4,7;117
2011;3;118
2011;187,3;119
2011;3,5;120
2011;6,2;121
2011;6,5;122
2011;29,2;123
2011;101,8;124
2011;38,4;125
2011;10,8;126
2011;4;127
2011;1,8;128
2011;48,8;129
2011;21,9;130
2011;142,9;131
2011;11,4;132
2011;49;133
2011;0;134
2011;26,1;135
2011;12,6;136
2011;7,3;137
2011;5,4;138
2011;4,7;139
2011;5,5;140
2011;2;141
2011;9,9;142
2011;46,8;143
2011;21,3;144
2011;45;145
2011;0,5;146
2011;1,4;147
2011;9,1;148
2011;7,6;149
2011;21,8;150
2011;23,1;151
2011;7,6;152
2011;42,7;153
2011;66,7;154
2011;6,8;155
2011;1,2;156
2011;10,6;157
2011;78,8;158
2011;5;159
2011;5,1;160
2011;34,6;161
2011;62,7;162
2011;45,1;163
2011;313,2;164
2011;3,3;165
2011;28,1;166
2011;27,6;167
2011;90,5;168
2011;24,1;169
2011;13,9;170
2011;12,1;171
2012;30,4;1
2012;3;2
2012;35,4;3
2012;0,1;4
2012;18,1;5
2012;42,2;6
2012;3;7
2012;22;8
2012;8,2;9
2012;9,5;10
2012;1,2;11
2012;161,1;12
2012;9,5;13
2012;10,4;14
2012;0,3;15
2012;9,8;16
2012;0,7;17
2012;10,3;18
2012;3,9;19
2012;2,1;20
2012;205,7;21
2012;0,4;22
2012;7;23
2012;17,3;24
2012;54,6;25
2012;10,6;26
2012;15;27
2012;20,1;28
2012;34,3;29
2012;5,1;30
2012;11;31
2012;17,1;32
2012;1343,2;33
2012;45,2;34
2012;73,6;35
2012;4,4;36
2012;4,6;37
2012;22;38
2012;4,5;39
2012;11,1;40
2012;1,1;41
2012;10,2;42
2012;5,5;43
2012;0,8;44
2012;10,1;45
2012;15,2;46
2012;83,7;47
2012;6,1;48
2012;0,7;49
2012;6,1;50
2012;1,3;51
2012;91,2;52
2012;503,8;53
2012;0,9;54
2012;5,3;55
2012;65,6;56
2012;1,6;57
2012;1,8;58
2012;4,6;59
2012;81,3;60
2012;24,7;61
2012;10,8;62
2012;0,1;63
2012;14,1;64
2012;10,9;65
2012;1,6;66
2012;0,7;67
2012;9,8;68
2012;8,3;69
2012;10;70
2012;0,3;71
2012;1205,1;72
2012;248,2;73
2012;78,9;74
2012;31,1;75
2012;4,7;76
2012;7,6;77
2012;61,3;78
2012;2,9;79
2012;127,4;80
2012;6,5;81
2012;17,5;82
2012;43;83
2012;24,6;84
2012;2,6;85
2012;5,5;86
2012;6,6;87
2012;2,2;88
2012;4,1;89
2012;1,9;90
2012;3,9;91
2012;5,6;92
2012;0;93
2012;3,5;94
2012;0,5;95
2012;2,1;96
2012;22;97
2012;16,3;98
2012;29,2;99
2012;15,5;100
2012;0,4;101
2012;3,4;102
2012;115;103
2012;3,7;104
2012;0;105
2012;3,2;106
2012;0,7;107
2012;32,3;108
2012;23,5;109
2012;2,2;110
2012;29,9;111
2012;16,7;112
2012;4,3;113
2012;5,7;114
2012;16,3;115
2012;170,1;116
2012;4,7;117
2012;3,1;118
2012;190,3;119
2012;3,5;120
2012;6,3;121
2012;6,5;122
2012;29,5;123
2012;103,8;124
2012;38,4;125
2012;10,8;126
2012;3,7;127
2012;2;128
2012;48,9;129
2012;21,8;130
2012;143;131
2012;11,7;132
2012;48,8;133
2012;0;134
2012;26,5;135
2012;13;136
2012;7,3;137
2012;5,5;138
2012;5,4;139
2012;5,5;140
2012;2;141
2012;10,1;142
2012;47;143
2012;21,5;144
2012;34,2;145
2012;0,6;146
2012;1,4;147
2012;9,1;148
2012;7,7;149
2012;22,5;150
2012;23,2;151
2012;7,8;152
2012;46,9;153
2012;67,1;154
2012;7;155
2012;1,2;156
2012;10,7;157
2012;79,7;158
2012;5,1;159
2012;5,3;160
2012;33,6;161
2012;63;162
2012;44,9;163
2012;313,8;164
2012;3,3;165
2012;28,4;166
2012;28;167
2012;91,5;168
2012;24,8;169
2012;14,3;170
2012;12,6;171
2013;31,1;1
2013;3;2
2013;38,1;3
2013;0,1;4
2013;18,6;5
2013;42,6;6
2013;3;7
2013;22,3;8
2013;8,2;9
2013;9,6;10
2013;1,3;11
2013;163,7;12
2013;9,6;13
2013;10,4;14
2013;0,3;15
2013;9,9;16
2013;0,7;17
2013;10,5;18
2013;3,9;19
2013;2,1;20
2013;201;21
2013;0,4;22
2013;7;23
2013;17,8;24
2013;55,2;25
2013;10,9;26
2013;15,2;27
2013;20,5;28
2013;34,6;29
2013;5,2;30
2013;11,2;31
2013;17,2;32
2013;1349,6;33
2013;45,7;34
2013;75,5;35
2013;4,5;36
2013;4,7;37
2013;22,4;38
2013;4,5;39
2013;11,1;40
2013;1,2;41
2013;10,2;42
2013;5,6;43
2013;0,8;44
2013;10,2;45
2013;15,4;46
2013;85,3;47
2013;6,1;48
2013;0,7;49
2013;6,2;50
2013;1,3;51
2013;93,9;52
2013;509,4;53
2013;0,9;54
2013;5,3;55
2013;66;56
2013;1,6;57
2013;1,9;58
2013;4,6;59
2013;81,1;60
2013;25,2;61
2013;10,8;62
2013;0,1;63
2013;14,4;64
2013;11,2;65
2013;1,7;66
2013;0,7;67
2013;9,9;68
2013;8,4;69
2013;9,9;70
2013;0,3;71
2013;1220,8;72
2013;251,2;73
2013;79,9;74
2013;31,9;75
2013;4,8;76
2013;7,7;77
2013;61,5;78
2013;2,9;79
2013;127,3;80
2013;6,5;81
2013;17,7;82
2013;44;83
2013;24,7;84
2013;2,7;85
2013;5,5;86
2013;6,7;87
2013;2,2;88
2013;4,1;89
2013;1,9;90
2013;4;91
2013;6;92
2013;0;93
2013;3,5;94
2013;0,5;95
2013;2,1;96
2013;22,6;97
2013;16,8;98
2013;29,6;99
2013;16;100
2013;0,4;101
2013;3,4;102
2013;116,2;103
2013;3,6;104
2013;0;105
2013;3,2;106
2013;0,7;107
2013;32,6;108
2013;24,1;109
2013;2,2;110
2013;30,4;111
2013;16,8;112
2013;4,4;113
2013;5,8;114
2013;16,9;115
2013;174,5;116
2013;4,7;117
2013;3,2;118
2013;193,2;119
2013;3,6;120
2013;6,4;121
2013;6,6;122
2013;29,8;123
2013;105,7;124
2013;38,4;125
2013;10,8;126
2013;3,7;127
2013;2;128
2013;49;129
2013;21,8;130
2013;142,5;131
2013;12;132
2013;48,6;133
2013;0;134
2013;26,9;135
2013;13,3;136
2013;7,2;137
2013;5,6;138
2013;5,5;139
2013;5,5;140
2013;2;141
2013;10,3;142
2013;47,4;143
2013;21,7;144
2013;34,8;145
2013;0,6;146
2013;1,4;147
2013;9,1;148
2013;8;149
2013;22,5;150
2013;23,3;151
2013;7,9;152
2013;48,3;153
2013;67,4;154
2013;7,2;155
2013;1,2;156
2013;10,8;157
2013;80,7;158
2013;5,1;159
2013;5,5;160
2013;34,8;161
2013;63,4;162
2013;44,6;163
2013;316,7;164
2013;3,3;165
2013;28,7;166
2013;28,5;167
2013;92,5;168
2013;25,4;169
2013;14,2;170
2013;13,2;171
2014;31,8;1
2014;3;2
2014;38,8;3
2014;0,1;4
2014;19,1;5
2014;43;6
2014;3,1;7
2014;22,5;8
2014;8,2;9
2014;9,7;10
2014;1,3;11
2014;166,3;12
2014;9,6;13
2014;10,4;14
2014;0,3;15
2014;10,2;16
2014;0,7;17
2014;10,6;18
2014;3,9;19
2014;2,2;20
2014;202,7;21
2014;0,4;22
2014;6,9;23
2014;18,4;24
2014;55,7;25
2014;10,4;26
2014;15,5;27
2014;23,1;28
2014;34,8;29
2014;5,3;30
2014;11,4;31
2014;17,4;32
2014;1355,7;33
2014;46,2;34
2014;77,4;35
2014;4,7;36
2014;4,8;37
2014;22,8;38
2014;4,5;39
2014;11;40
2014;1,2;41
2014;10,6;42
2014;5,6;43
2014;0,8;44
2014;10,3;45
2014;15,7;46
2014;86,9;47
2014;6,1;48
2014;0,7;49
2014;6,4;50
2014;1,3;51
2014;96,6;52
2014;509,4;53
2014;0,9;54
2014;5,3;55
2014;66,3;56
2014;1,7;57
2014;1,9;58
2014;4,9;59
2014;81;60
2014;25,8;61
2014;10,8;62
2014;0,1;63
2014;14,6;64
2014;11,5;65
2014;1,7;66
2014;0,7;67
2014;10;68
2014;8,6;69
2014;9,9;70
2014;0,3;71
2014;1236,3;72
2014;253,6;73
2014;80,8;74
2014;32,6;75
2014;4,8;76
2014;7,8;77
2014;61,7;78
2014;2,9;79
2014;127,1;80
2014;7,9;81
2014;17,9;82
2014;45;83
2014;24,9;84
2014;2,7;85
2014;5,6;86
2014;6,8;87
2014;2,2;88
2014;5,9;89
2014;1,9;90
2014;4,1;91
2014;6,2;92
2014;0;93
2014;3,5;94
2014;0,5;95
2014;2,1;96
2014;23,2;97
2014;17,4;98
2014;30,1;99
2014;16,5;100
2014;0,4;101
2014;3,5;102
2014;120,3;103
2014;3,6;104
2014;0;105
2014;3;106
2014;0,7;107
2014;33;108
2014;24,7;109
2014;2,2;110
2014;31;111
2014;16,9;112
2014;4,4;113
2014;5,8;114
2014;17,5;115
2014;177,2;116
2014;5,1;117
2014;3,2;118
2014;196,2;119
2014;3,6;120
2014;6,6;121
2014;6,7;122
2014;30,1;123
2014;107,7;124
2014;38,3;125
2014;10,8;126
2014;3,6;127
2014;2,1;128
2014;49;129
2014;21,7;130
2014;142,5;131
2014;12,3;132
2014;48,4;133
2014;0;134
2014;27,3;135
2014;13,6;136
2014;7,2;137
2014;5,7;138
2014;5,6;139
2014;5,4;140
2014;2;141
2014;10,4;142
2014;47,7;143
2014;21,9;144
2014;35,5;145
2014;0,6;146
2014;1,4;147
2014;9,7;148
2014;8,1;149
2014;18;150
2014;23,4;151
2014;8,1;152
2014;49,6;153
2014;67,7;154
2014;7,4;155
2014;1,2;156
2014;10,9;157
2014;81,6;158
2014;5,2;159
2014;5,6;160
2014;35,9;161
2014;63,7;162
2014;44,3;163
2014;318,9;164
2014;3,3;165
2014;28,9;166
2014;28,9;167
2014;93,4;168
2014;26,1;169
2014;14,6;170
2014;13,8;171
2015;32,6;1
2015;3;2
2015;39,5;3
2015;0,1;4
2015;19,6;5
2015;43,4;6
2015;3,1;7
2015;22,8;8
2015;8,7;9
2015;9,8;10
2015;1,3;11
2015;169;12
2015;9,6;13
2015;11,3;14
2015;0,3;15
2015;10,4;16
2015;0,7;17
2015;10,8;18
2015;3,9;19
2015;2,2;20
2015;204,3;21
2015;0,4;22
2015;7,2;23
2015;18,9;24
2015;56,3;25
2015;10,7;26
2015;15,7;27
2015;23,7;28
2015;35,1;29
2015;5,4;30
2015;11,6;31
2015;17,5;32
2015;1367,5;33
2015;46,7;34
2015;79,4;35
2015;4,8;36
2015;4,8;37
2015;23,3;38
2015;4,5;39
2015;11;40
2015;1,2;41
2015;10,6;42
2015;5,6;43
2015;0,8;44
2015;10,5;45
2015;15,9;46
2015;88,5;47
2015;6,1;48
2015;0,7;49
2015;6,5;50
2015;1,3;51
2015;99,5;52
2015;513,9;53
2015;0,9;54
2015;5,5;55
2015;66,6;56
2015;1,7;57
2015;2;58
2015;4,9;59
2015;80,9;60
2015;26,3;61
2015;10,8;62
2015;0,1;63
2015;14,9;64
2015;11,8;65
2015;1,7;66
2015;0,7;67
2015;10,1;68
2015;8,7;69
2015;9,9;70
2015;0,3;71
2015;1251,7;72
2015;256;73
2015;81,8;74
2015;37,1;75
2015;4,9;76
2015;8;77
2015;61,9;78
2015;3;79
2015;126,9;80
2015;8,1;81
2015;18,2;82
2015;45,9;83
2015;25;84
2015;2,8;85
2015;5,7;86
2015;6,9;87
2015;2;88
2015;6,2;89
2015;1,9;90
2015;4,2;91
2015;6,4;92
2015;0;93
2015;2,9;94
2015;0,6;95
2015;2,1;96
2015;23,8;97
2015;18;98
2015;30,5;99
2015;17;100
2015;0,4;101
2015;3,6;102
2015;121,7;103
2015;3,5;104
2015;0;105
2015;3;106
2015;0,6;107
2015;33,3;108
2015;25,3;109
2015;2,2;110
2015;31,6;111
2015;16,9;112
2015;4,4;113
2015;5,9;114
2015;18;115
2015;181,6;116
2015;5,2;117
2015;3,3;118
2015;199,1;119
2015;3,7;120
2015;6,7;121
2015;6,8;122
2015;30,4;123
2015;101;124
2015;38,6;125
2015;10,8;126
2015;3,6;127
2015;2,2;128
2015;49,1;129
2015;21,7;130
2015;142,4;131
2015;12,7;132
2015;53,7;133
2015;0;134
2015;27,8;135
2015;14;136
2015;7,2;137
2015;5,9;138
2015;5,7;139
2015;5,4;140
2015;2;141
2015;10,6;142
2015;48,1;143
2015;22,1;144
2015;36,1;145
2015;0,6;146
2015;1,4;147
2015;9,8;148
2015;8,1;149
2015;17,1;150
2015;23,4;151
2015;8,2;152
2015;51;153
2015;68;154
2015;7,6;155
2015;1,2;156
2015;11;157
2015;79,4;158
2015;5,2;159
2015;5,8;160
2015;37,1;161
2015;64,1;162
2015;44,4;163
2015;321,4;164
2015;3,3;165
2015;29,2;166
2015;29,3;167
2015;94,3;168
2015;26,7;169
2015;15,1;170
2015;14,2;171
